"INFORMATION TYPE","DATE","PERIOD","WEP ($/MWh)","USEP ($/MWh)","AFP ($/MWh)","HEUR ($/MWh)","HLCU ($/MWh)","MEUC ($/MWh)","EMC Price Cap Fees ($/MWh)","EMC Price Adj Fees ($/MWh)","PSO Fees ($/MWh)"
"WEP","01 Oct 2018","1","115.06","115.10","0.13","-0.88","0.00","0.20","0.3016","0.0000","0.2125"
"WEP","01 Oct 2018","2","107.87","107.50","0.18","-0.52","0.00","0.20","0.3016","0.0000","0.2125"
"WEP","01 Oct 2018","3","107.85","107.49","0.17","-0.53","0.00","0.20","0.3016","0.0000","0.2125"
"WEP","01 Oct 2018","4","107.33","106.93","0.16","-0.47","0.00","0.20","0.3016","0.0000","0.2125"
"WEP","01 Oct 2018","5","106.82","106.81","0.18","-0.89","0.00","0.20","0.3016","0.0000","0.2125"
"WEP","01 Oct 2018","6","105.99","106.15","0.17","-1.05","0.00","0.20","0.3016","0.0000","0.2125"
"WEP","01 Oct 2018","7","105.94","106.15","0.13","-1.06","0.00","0.20","0.3016","0.0000","0.2125"
"WEP","01 Oct 2018","8","108.03","108.25","0.13","-1.06","0.00","0.20","0.3016","0.0000","0.2125"
"WEP","01 Oct 2018","9","106.30","106.08","0.13","-0.63","0.00","0.20","0.3016","0.0000","0.2125"
"WEP","01 Oct 2018","10","106.66","106.80","0.13","-0.98","0.00","0.20","0.3016","0.0000","0.2125"
"WEP","01 Oct 2018","11","106.06","106.09","0.18","-0.93","0.00","0.20","0.3016","0.0000","0.2125"
"WEP","01 Oct 2018","12","108.06","108.33","0.13","-1.12","0.00","0.20","0.3016","0.0000","0.2125"
"WEP","01 Oct 2018","13","115.28","115.11","0.76","-1.30","0.00","0.20","0.3016","0.0000","0.2125"
"WEP","01 Oct 2018","14","117.31","117.15","0.76","-1.32","0.00","0.20","0.3016","0.0000","0.2125"
"WEP","01 Oct 2018","15","108.46","108.24","0.95","-1.45","0.00","0.20","0.3016","0.0000","0.2125"
"WEP","01 Oct 2018","16","118.76","117.88","0.93","-0.76","0.00","0.20","0.3016","0.0000","0.2125"
"WEP","01 Oct 2018","17","139.11","138.30","1.22","-1.13","0.00","0.20","0.3016","0.0000","0.2125"
"WEP","01 Oct 2018","18","302.10","298.97","4.18","-1.76","0.00","0.20","0.3016","0.0000","0.2125"
"WEP","01 Oct 2018","19","349.60","346.44","4.83","-2.39","0.00","0.20","0.3016","0.0000","0.2125"
"WEP","01 Oct 2018","20","398.77","398.76","4.72","-5.42","0.00","0.20","0.3016","0.0000","0.2125"
"WEP","01 Oct 2018","21","468.44","467.40","4.76","-4.43","0.00","0.20","0.3016","0.0000","0.2125"
"WEP","01 Oct 2018","22","649.18","649.68","4.95","-6.24","0.07","0.20","0.3016","0.0000","0.2125"
"WEP","01 Oct 2018","23","654.82","659.26","4.93","-10.08","0.00","0.20","0.3016","0.0000","0.2125"
"WEP","01 Oct 2018","24","553.30","558.34","3.81","-9.56","0.00","0.20","0.3016","0.0000","0.2125"
"WEP","01 Oct 2018","25","435.80","439.90","3.52","-8.34","0.00","0.20","0.3016","0.0000","0.2125"
"WEP","01 Oct 2018","26","504.86","509.40","3.60","-8.85","0.00","0.20","0.3016","0.0000","0.2125"
"WEP","01 Oct 2018","27","733.44","741.36","3.56","-12.19","0.00","0.20","0.3016","0.0000","0.2125"
"WEP","01 Oct 2018","28","892.63","901.97","4.76","-14.82","0.00","0.20","0.3016","0.0000","0.2125"
"WEP","01 Oct 2018","29","892.56","901.99","4.70","-14.84","0.00","0.20","0.3016","0.0000","0.2125"
"WEP","01 Oct 2018","30","892.44","901.88","4.53","-14.69","0.00","0.20","0.3016","0.0000","0.2125"
"WEP","01 Oct 2018","31","730.52","741.22","3.23","-14.64","0.00","0.20","0.3016","0.0000","0.2125"
"WEP","01 Oct 2018","32","729.33","740.48","3.24","-15.10","0.00","0.20","0.3016","0.0000","0.2125"
"WEP","01 Oct 2018","33","806.88","820.77","3.53","-18.13","0.00","0.20","0.3016","0.0000","0.2125"
"WEP","01 Oct 2018","34","663.69","673.33","3.72","-14.07","0.00","0.20","0.3016","0.0000","0.2125"
"WEP","01 Oct 2018","35","434.81","439.94","3.64","-9.49","0.00","0.20","0.3016","0.0000","0.2125"
"WEP","01 Oct 2018","36","316.44","320.32","3.65","-8.24","0.00","0.20","0.3016","0.0000","0.2125"
"WEP","01 Oct 2018","37","169.35","170.30","0.97","-2.63","0.00","0.20","0.3016","0.0000","0.2125"
"WEP","01 Oct 2018","38","138.54","139.58","0.40","-2.16","0.00","0.20","0.3016","0.0000","0.2125"
"WEP","01 Oct 2018","39","145.80","146.72","0.50","-2.13","0.00","0.20","0.3016","0.0000","0.2125"
"WEP","01 Oct 2018","40","138.98","140.29","0.35","-2.37","0.00","0.20","0.3016","0.0000","0.2125"
"WEP","01 Oct 2018","41","150.43","151.66","0.81","-2.76","0.00","0.20","0.3016","0.0000","0.2125"
"WEP","01 Oct 2018","42","171.33","172.77","0.93","-3.08","0.00","0.20","0.3016","0.0000","0.2125"
"WEP","01 Oct 2018","43","297.49","300.10","3.49","-6.81","0.00","0.20","0.3016","0.0000","0.2125"
"WEP","01 Oct 2018","44","167.61","168.78","1.15","-3.03","0.00","0.20","0.3016","0.0000","0.2125"
"WEP","01 Oct 2018","45","133.85","134.89","0.59","-2.35","0.00","0.20","0.3016","0.0000","0.2125"
"WEP","01 Oct 2018","46","134.94","136.44","0.57","-2.79","0.00","0.20","0.3016","0.0000","0.2125"
"WEP","01 Oct 2018","47","167.11","167.90","0.94","-2.45","0.00","0.20","0.3016","0.0000","0.2125"
"WEP","01 Oct 2018","48","127.45","128.13","0.37","-1.77","0.00","0.20","0.3016","0.0000","0.2125"
"WEP","02 Oct 2018","1","126.11","127.35","0.14","-2.09","0.00","0.20","0.3016","0.0000","0.2106"
"WEP","02 Oct 2018","2","120.29","121.12","0.10","-1.64","0.00","0.20","0.3016","0.0000","0.2106"
"WEP","02 Oct 2018","3","119.88","121.08","0.03","-1.94","0.00","0.20","0.3016","0.0000","0.2106"
"WEP","02 Oct 2018","4","116.95","117.72","0.02","-1.50","0.00","0.20","0.3016","0.0000","0.2106"
"WEP","02 Oct 2018","5","117.18","117.72","0.02","-1.27","0.00","0.20","0.3016","0.0000","0.2106"
"WEP","02 Oct 2018","6","115.05","116.02","0.02","-1.70","0.00","0.20","0.3016","0.0000","0.2106"
"WEP","02 Oct 2018","7","110.87","112.28","0.02","-2.14","0.00","0.20","0.3016","0.0000","0.2106"
"WEP","02 Oct 2018","8","114.86","115.68","0.02","-1.55","0.00","0.20","0.3016","0.0000","0.2106"
"WEP","02 Oct 2018","9","115.67","116.03","0.02","-1.09","0.00","0.20","0.3016","0.0000","0.2106"
"WEP","02 Oct 2018","10","115.89","116.38","0.02","-1.22","0.00","0.20","0.3016","0.0000","0.2106"
"WEP","02 Oct 2018","11","118.16","118.72","0.02","-1.29","0.00","0.20","0.3016","0.0000","0.2106"
"WEP","02 Oct 2018","12","120.59","121.05","0.15","-1.32","0.00","0.20","0.3016","0.0000","0.2106"
"WEP","02 Oct 2018","13","121.07","121.09","0.21","-0.94","0.00","0.20","0.3016","0.0000","0.2106"
"WEP","02 Oct 2018","14","120.14","121.22","0.28","-2.07","0.00","0.20","0.3016","0.0000","0.2106"
"WEP","02 Oct 2018","15","122.35","123.01","0.39","-1.76","0.00","0.20","0.3016","0.0000","0.2106"
"WEP","02 Oct 2018","16","128.16","128.35","0.46","-1.37","0.00","0.20","0.3016","0.0000","0.2106"
"WEP","02 Oct 2018","17","150.81","151.26","0.89","-2.05","0.00","0.20","0.3016","0.0000","0.2106"
"WEP","02 Oct 2018","18","310.04","309.71","3.92","-4.30","0.00","0.20","0.3016","0.0000","0.2106"
"WEP","02 Oct 2018","19","346.28","345.31","3.98","-3.73","0.00","0.20","0.3016","0.0000","0.2106"
"WEP","02 Oct 2018","20","576.65","579.73","3.72","-7.51","0.00","0.20","0.3016","0.0000","0.2106"
"WEP","02 Oct 2018","21","733.44","740.78","3.58","-11.63","0.00","0.20","0.3016","0.0000","0.2106"
"WEP","02 Oct 2018","22","892.70","902.00","5.00","-15.01","0.00","0.20","0.3016","0.0000","0.2106"
"WEP","02 Oct 2018","23","732.12","741.38","3.18","-13.15","0.00","0.20","0.3016","0.0000","0.2106"
"WEP","02 Oct 2018","24","498.64","504.49","2.97","-9.53","0.00","0.20","0.3016","0.0000","0.2106"
"WEP","02 Oct 2018","25","389.30","393.75","3.00","-8.16","0.00","0.20","0.3016","0.0000","0.2106"
"WEP","02 Oct 2018","26","479.54","485.32","2.99","-9.49","0.00","0.20","0.3016","0.0000","0.2106"
"WEP","02 Oct 2018","27","532.03","541.53","2.91","-13.12","0.00","0.20","0.3016","0.0000","0.2106"
"WEP","02 Oct 2018","28","652.28","665.11","3.10","-16.64","0.00","0.20","0.3016","0.0000","0.2106"
"WEP","02 Oct 2018","29","655.45","665.90","3.07","-14.24","0.00","0.20","0.3016","0.0000","0.2106"
"WEP","02 Oct 2018","30","571.41","579.78","3.00","-12.08","0.00","0.20","0.3016","0.0000","0.2106"
"WEP","02 Oct 2018","31","654.26","665.19","2.90","-14.54","0.00","0.20","0.3016","0.0000","0.2106"
"WEP","02 Oct 2018","32","727.55","740.86","2.90","-16.93","0.00","0.20","0.3016","0.0000","0.2106"
"WEP","02 Oct 2018","33","652.33","665.76","3.00","-17.14","0.00","0.20","0.3016","0.0000","0.2106"
"WEP","02 Oct 2018","34","651.81","665.25","3.15","-17.31","0.00","0.20","0.3016","0.0000","0.2106"
"WEP","02 Oct 2018","35","496.52","505.69","3.32","-13.20","0.00","0.20","0.3016","0.0000","0.2106"
"WEP","02 Oct 2018","36","319.09","322.43","3.65","-7.71","0.00","0.20","0.3016","0.0000","0.2106"
"WEP","02 Oct 2018","37","278.09","280.23","3.00","-5.86","0.00","0.20","0.3016","0.0000","0.2106"
"WEP","02 Oct 2018","38","273.62","275.50","2.90","-5.49","0.00","0.20","0.3016","0.0000","0.2106"
"WEP","02 Oct 2018","39","319.13","320.46","3.65","-5.69","0.00","0.20","0.3016","0.0000","0.2106"
"WEP","02 Oct 2018","40","248.24","249.56","2.06","-4.09","0.00","0.20","0.3016","0.0000","0.2106"
"WEP","02 Oct 2018","41","151.67","153.74","0.38","-3.17","0.00","0.20","0.3016","0.0000","0.2106"
"WEP","02 Oct 2018","42","193.04","195.39","1.01","-4.08","0.00","0.20","0.3016","0.0000","0.2106"
"WEP","02 Oct 2018","43","179.56","182.19","0.89","-4.23","0.00","0.20","0.3016","0.0000","0.2106"
"WEP","02 Oct 2018","44","211.12","214.28","1.99","-5.86","0.00","0.20","0.3016","0.0000","0.2106"
"WEP","02 Oct 2018","45","167.87","168.48","1.23","-2.56","0.00","0.20","0.3016","0.0000","0.2106"
"WEP","02 Oct 2018","46","141.76","143.58","0.60","-3.13","0.00","0.20","0.3016","0.0000","0.2106"
"WEP","02 Oct 2018","47","157.98","159.00","0.92","-2.65","0.00","0.20","0.3016","0.0000","0.2106"
"WEP","02 Oct 2018","48","128.84","130.14","0.38","-2.40","0.00","0.20","0.3016","0.0000","0.2106"
"WEP","03 Oct 2018","1","125.95","127.34","0.12","-2.22","0.00","0.20","0.3016","0.0000","0.2097"
"WEP","03 Oct 2018","2","119.96","121.28","0.08","-2.11","0.00","0.20","0.3016","0.0000","0.2097"
"WEP","03 Oct 2018","3","119.94","121.07","0.02","-1.86","0.00","0.20","0.3016","0.0000","0.2097"
"WEP","03 Oct 2018","4","117.16","118.75","0.02","-2.32","0.00","0.20","0.3016","0.0000","0.2097"
"WEP","03 Oct 2018","5","116.87","117.64","0.02","-1.50","0.00","0.20","0.3016","0.0000","0.2097"
"WEP","03 Oct 2018","6","114.66","116.07","0.02","-2.14","0.00","0.20","0.3016","0.0000","0.2097"
"WEP","03 Oct 2018","7","114.51","116.00","0.02","-2.22","0.00","0.20","0.3016","0.0000","0.2097"
"WEP","03 Oct 2018","8","114.43","115.99","0.02","-2.29","0.00","0.20","0.3016","0.0000","0.2097"
"WEP","03 Oct 2018","9","115.05","116.00","0.02","-1.69","0.00","0.20","0.3016","0.0000","0.2097"
"WEP","03 Oct 2018","10","114.87","116.00","0.02","-1.86","0.00","0.20","0.3016","0.0000","0.2097"
"WEP","03 Oct 2018","11","114.81","116.02","0.02","-1.94","0.00","0.20","0.3016","0.0000","0.2097"
"WEP","03 Oct 2018","12","119.92","120.43","0.13","-1.35","0.00","0.20","0.3016","0.0000","0.2097"
"WEP","03 Oct 2018","13","123.70","123.74","0.21","-0.96","0.00","0.20","0.3016","0.0000","0.2097"
"WEP","03 Oct 2018","14","123.23","124.03","0.26","-1.77","0.00","0.20","0.3016","0.0000","0.2097"
"WEP","03 Oct 2018","15","117.20","117.77","0.35","-1.63","0.00","0.20","0.3016","0.0000","0.2097"
"WEP","03 Oct 2018","16","128.26","128.25","0.43","-1.13","0.00","0.20","0.3016","0.0000","0.2097"
"WEP","03 Oct 2018","17","143.21","143.60","0.73","-1.83","0.00","0.20","0.3016","0.0000","0.2097"
"WEP","03 Oct 2018","18","311.26","309.27","3.94","-2.66","0.00","0.20","0.3016","0.0000","0.2097"
"WEP","03 Oct 2018","19","330.52","331.29","3.80","-5.28","0.00","0.20","0.3016","0.0000","0.2097"
"WEP","03 Oct 2018","20","434.95","436.81","3.55","-6.12","0.00","0.20","0.3016","0.0000","0.2097"
"WEP","03 Oct 2018","21","811.42","818.32","5.28","-12.89","0.00","0.20","0.3016","0.0000","0.2097"
"WEP","03 Oct 2018","22","892.62","901.54","4.86","-14.49","0.00","0.20","0.3016","0.0000","0.2097"
"WEP","03 Oct 2018","23","893.44","901.69","4.86","-13.82","0.00","0.20","0.3016","0.0000","0.2097"
"WEP","03 Oct 2018","24","658.66","665.50","3.38","-10.93","0.00","0.20","0.3016","0.0000","0.2097"
"WEP","03 Oct 2018","25","553.92","558.26","3.30","-8.36","0.00","0.20","0.3016","0.0000","0.2097"
"WEP","03 Oct 2018","26","658.64","665.57","3.27","-10.91","0.00","0.20","0.3016","0.0000","0.2097"
"WEP","03 Oct 2018","27","699.88","708.86","3.34","-13.03","0.00","0.20","0.3016","0.0000","0.2097"
"WEP","03 Oct 2018","28","852.61","864.46","3.59","-16.15","0.00","0.20","0.3016","0.0000","0.2097"
"WEP","03 Oct 2018","29","853.80","864.40","3.56","-14.87","0.00","0.20","0.3016","0.0000","0.2097"
"WEP","03 Oct 2018","30","808.56","821.84","3.31","-17.30","0.00","0.20","0.3016","0.0000","0.2097"
"WEP","03 Oct 2018","31","865.71","880.03","3.47","-18.50","0.00","0.20","0.3016","0.0000","0.2097"
"WEP","03 Oct 2018","32","935.84","951.97","4.30","-21.14","0.00","0.20","0.3016","0.0000","0.2097"
"WEP","03 Oct 2018","33","937.52","952.01","4.74","-19.94","0.00","0.20","0.3016","0.0000","0.2097"
"WEP","03 Oct 2018","34","836.79","851.50","3.80","-19.22","0.00","0.20","0.3016","0.0000","0.2097"
"WEP","03 Oct 2018","35","498.51","503.69","4.05","-9.94","0.00","0.20","0.3016","0.0000","0.2097"
"WEP","03 Oct 2018","36","301.01","303.54","4.18","-7.43","0.00","0.20","0.3016","0.0000","0.2097"
"WEP","03 Oct 2018","37","160.86","161.10","1.48","-2.43","0.00","0.20","0.3016","0.0000","0.2097"
"WEP","03 Oct 2018","38","203.11","203.51","2.01","-3.13","0.00","0.20","0.3016","0.0000","0.2097"
"WEP","03 Oct 2018","39","203.78","203.89","1.96","-2.78","0.00","0.20","0.3016","0.0000","0.2097"
"WEP","03 Oct 2018","40","138.44","139.59","0.66","-2.52","0.00","0.20","0.3016","0.0000","0.2097"
"WEP","03 Oct 2018","41","136.66","137.43","0.85","-2.33","0.00","0.20","0.3016","0.0000","0.2097"
"WEP","03 Oct 2018","42","139.72","140.73","0.75","-2.47","0.00","0.20","0.3016","0.0000","0.2097"
"WEP","03 Oct 2018","43","138.50","139.63","0.84","-2.68","0.00","0.20","0.3016","0.0000","0.2097"
"WEP","03 Oct 2018","44","127.59","128.32","0.79","-2.23","0.00","0.20","0.3016","0.0000","0.2097"
"WEP","03 Oct 2018","45","195.92","197.56","1.86","-4.21","0.00","0.20","0.3016","0.0000","0.2097"
"WEP","03 Oct 2018","46","127.21","128.22","0.71","-2.43","0.00","0.20","0.3016","0.0000","0.2097"
"WEP","03 Oct 2018","47","138.63","139.40","0.70","-2.18","0.00","0.20","0.3016","0.0000","0.2097"
"WEP","03 Oct 2018","48","129.60","130.29","0.52","-1.92","0.00","0.20","0.3016","0.0000","0.2097"
"WEP","04 Oct 2018","1","141.99","141.47","0.28","-0.47","0.00","0.20","0.3016","0.0000","0.2093"
"WEP","04 Oct 2018","2","129.61","128.54","0.30","0.06","0.00","0.20","0.3016","0.0000","0.2093"
"WEP","04 Oct 2018","3","121.92","121.11","0.25","-0.15","0.00","0.20","0.3016","0.0000","0.2093"
"WEP","04 Oct 2018","4","119.38","118.77","0.21","-0.31","0.00","0.20","0.3016","0.0000","0.2093"
"WEP","04 Oct 2018","5","119.40","118.77","0.26","-0.34","0.00","0.20","0.3016","0.0000","0.2093"
"WEP","04 Oct 2018","6","124.00","123.75","0.32","-0.78","0.00","0.20","0.3016","0.0000","0.2093"
"WEP","04 Oct 2018","7","121.96","121.19","0.29","-0.23","0.00","0.20","0.3016","0.0000","0.2093"
"WEP","04 Oct 2018","8","121.90","121.08","0.31","-0.20","0.00","0.20","0.3016","0.0000","0.2093"
"WEP","04 Oct 2018","9","121.92","121.08","0.31","-0.18","0.00","0.20","0.3016","0.0000","0.2093"
"WEP","04 Oct 2018","10","121.90","121.08","0.31","-0.20","0.00","0.20","0.3016","0.0000","0.2093"
"WEP","04 Oct 2018","11","121.97","121.10","0.32","-0.16","0.00","0.20","0.3016","0.0000","0.2093"
"WEP","04 Oct 2018","12","129.02","127.86","0.66","-0.21","0.00","0.20","0.3016","0.0000","0.2093"
"WEP","04 Oct 2018","13","137.24","135.90","0.74","-0.11","0.00","0.20","0.3016","0.0000","0.2093"
"WEP","04 Oct 2018","14","142.26","141.40","0.87","-0.72","0.00","0.20","0.3016","0.0000","0.2093"
"WEP","04 Oct 2018","15","129.37","128.93","0.75","-1.02","0.00","0.20","0.3016","0.0000","0.2093"
"WEP","04 Oct 2018","16","260.89","258.68","3.36","-1.86","0.00","0.20","0.3016","0.0000","0.2093"
"WEP","04 Oct 2018","17","161.99","161.88","1.27","-1.88","0.00","0.20","0.3016","0.0000","0.2093"
"WEP","04 Oct 2018","18","312.26","312.38","3.92","-4.75","0.00","0.20","0.3016","0.0000","0.2093"
"WEP","04 Oct 2018","19","574.73","577.92","3.67","-7.57","0.00","0.20","0.3016","0.0000","0.2093"
"WEP","04 Oct 2018","20","936.78","940.15","5.24","-9.32","0.00","0.20","0.3016","0.0000","0.2093"
"WEP","04 Oct 2018","21","928.35","935.99","3.27","-11.62","0.00","0.20","0.3016","0.0000","0.2093"
"WEP","04 Oct 2018","22","1093.43","1101.61","4.58","-13.47","0.00","0.20","0.3016","0.0000","0.2093"
"WEP","04 Oct 2018","23","1169.48","1181.65","4.81","-17.69","0.00","0.20","0.3016","0.0000","0.2093"
"WEP","04 Oct 2018","24","904.62","913.78","2.95","-12.82","0.00","0.20","0.3016","0.0000","0.2093"
"WEP","04 Oct 2018","25","999.10","1007.41","3.00","-12.02","0.00","0.20","0.3016","0.0000","0.2093"
"WEP","04 Oct 2018","26","1002.37","1010.71","2.99","-12.04","0.00","0.20","0.3016","0.0000","0.2093"
"WEP","04 Oct 2018","27","887.20","895.46","2.92","-11.89","0.00","0.20","0.3016","0.0000","0.2093"
"WEP","04 Oct 2018","28","923.62","934.53","2.99","-14.61","0.00","0.20","0.3016","0.0000","0.2093"
"WEP","04 Oct 2018","29","924.45","935.13","3.48","-14.87","0.00","0.20","0.3016","0.0000","0.2093"
"WEP","04 Oct 2018","30","921.25","934.03","2.92","-16.41","0.00","0.20","0.3016","0.0000","0.2093"
"WEP","04 Oct 2018","31","902.44","914.30","2.90","-15.47","0.00","0.20","0.3016","0.0000","0.2093"
"WEP","04 Oct 2018","32","952.64","965.52","2.91","-16.50","0.00","0.20","0.3016","0.0000","0.2093"
"WEP","04 Oct 2018","33","922.27","934.51","3.01","-15.96","0.00","0.20","0.3016","0.0000","0.2093"
"WEP","04 Oct 2018","34","1116.50","1131.68","4.71","-20.60","0.00","0.20","0.3016","0.0000","0.2093"
"WEP","04 Oct 2018","35","573.42","578.08","3.49","-8.86","0.00","0.20","0.3016","0.0000","0.2093"
"WEP","04 Oct 2018","36","316.76","318.64","3.79","-6.38","0.00","0.20","0.3016","0.0000","0.2093"
"WEP","04 Oct 2018","37","167.65","168.70","1.13","-2.89","0.00","0.20","0.3016","0.0000","0.2093"
"WEP","04 Oct 2018","38","207.34","208.00","1.70","-3.07","0.00","0.20","0.3016","0.0000","0.2093"
"WEP","04 Oct 2018","39","209.59","209.64","1.70","-2.46","0.00","0.20","0.3016","0.0000","0.2093"
"WEP","04 Oct 2018","40","171.50","172.32","0.92","-2.46","0.00","0.20","0.3016","0.0000","0.2093"
"WEP","04 Oct 2018","41","138.82","139.63","0.49","-2.01","0.00","0.20","0.3016","0.0000","0.2093"
"WEP","04 Oct 2018","42","172.08","173.01","1.03","-2.68","0.00","0.20","0.3016","0.0000","0.2093"
"WEP","04 Oct 2018","43","150.03","150.87","0.76","-2.31","0.00","0.20","0.3016","0.0000","0.2093"
"WEP","04 Oct 2018","44","194.26","195.79","1.80","-4.04","0.00","0.20","0.3016","0.0000","0.2093"
"WEP","04 Oct 2018","45","201.19","201.88","2.04","-3.44","0.00","0.20","0.3016","0.0000","0.2093"
"WEP","04 Oct 2018","46","135.78","136.11","0.91","-1.95","0.00","0.20","0.3016","0.0000","0.2093"
"WEP","04 Oct 2018","47","160.61","161.49","1.10","-2.69","0.00","0.20","0.3016","0.0000","0.2093"
"WEP","04 Oct 2018","48","127.18","127.47","0.65","-1.65","0.00","0.20","0.3016","0.0000","0.2093"
"WEP","05 Oct 2018","1","122.60","122.94","0.29","-1.34","0.00","0.20","0.3016","0.0000","0.2101"
"WEP","05 Oct 2018","2","118.51","118.83","0.19","-1.22","0.00","0.20","0.3016","0.0000","0.2101"
"WEP","05 Oct 2018","3","127.25","127.93","0.19","-1.58","0.00","0.20","0.3016","0.0000","0.2101"
"WEP","05 Oct 2018","4","122.49","122.82","0.15","-1.19","0.00","0.20","0.3016","0.0000","0.2101"
"WEP","05 Oct 2018","5","120.99","121.03","0.32","-1.07","0.00","0.20","0.3016","0.0000","0.2101"
"WEP","05 Oct 2018","6","119.22","118.65","0.31","-0.45","0.00","0.20","0.3016","0.0000","0.2101"
"WEP","05 Oct 2018","7","117.71","117.65","0.16","-0.82","0.00","0.20","0.3016","0.0000","0.2101"
"WEP","05 Oct 2018","8","116.61","116.03","0.28","-0.41","0.00","0.20","0.3016","0.0000","0.2101"
"WEP","05 Oct 2018","9","116.57","116.04","0.28","-0.46","0.00","0.20","0.3016","0.0000","0.2101"
"WEP","05 Oct 2018","10","116.64","116.03","0.25","-0.35","0.00","0.20","0.3016","0.0000","0.2101"
"WEP","05 Oct 2018","11","118.25","117.64","0.29","-0.39","0.00","0.20","0.3016","0.0000","0.2101"
"WEP","05 Oct 2018","12","121.76","121.05","0.26","-0.26","0.00","0.20","0.3016","0.0000","0.2101"
"WEP","05 Oct 2018","13","124.61","123.80","0.41","-0.31","0.00","0.20","0.3016","0.0000","0.2101"
"WEP","05 Oct 2018","14","128.72","128.04","0.45","-0.48","0.00","0.20","0.3016","0.0000","0.2101"
"WEP","05 Oct 2018","15","141.20","139.88","1.08","-0.48","0.00","0.20","0.3016","0.0000","0.2101"
"WEP","05 Oct 2018","16","216.96","214.86","2.61","-1.22","0.00","0.20","0.3016","0.0000","0.2101"
"WEP","05 Oct 2018","17","213.27","212.88","2.39","-2.71","0.00","0.20","0.3016","0.0000","0.2101"
"WEP","05 Oct 2018","18","326.51","326.03","4.09","-4.32","0.00","0.20","0.3016","0.0000","0.2101"
"WEP","05 Oct 2018","19","194.79","193.83","1.75","-1.51","0.00","0.20","0.3016","0.0000","0.2101"
"WEP","05 Oct 2018","20","314.73","312.77","3.41","-2.17","0.00","0.20","0.3016","0.0000","0.2101"
"WEP","05 Oct 2018","21","310.07","309.09","3.27","-3.01","0.00","0.20","0.3016","0.0000","0.2101"
"WEP","05 Oct 2018","22","325.61","325.57","3.07","-3.74","0.00","0.20","0.3016","0.0000","0.2101"
"WEP","05 Oct 2018","23","290.25","290.89","2.46","-3.81","0.00","0.20","0.3016","0.0000","0.2101"
"WEP","05 Oct 2018","24","203.96","204.54","1.43","-2.72","0.00","0.20","0.3016","0.0000","0.2101"
"WEP","05 Oct 2018","25","138.14","138.61","0.47","-1.65","0.00","0.20","0.3016","0.0000","0.2101"
"WEP","05 Oct 2018","26","129.82","130.46","0.33","-1.68","0.00","0.20","0.3016","0.0000","0.2101"
"WEP","05 Oct 2018","27","158.49","159.32","0.76","-2.30","0.00","0.20","0.3016","0.0000","0.2101"
"WEP","05 Oct 2018","28","202.41","203.77","1.33","-3.40","0.00","0.20","0.3016","0.0000","0.2101"
"WEP","05 Oct 2018","29","201.44","203.74","1.32","-4.33","0.00","0.20","0.3016","0.0000","0.2101"
"WEP","05 Oct 2018","30","215.39","215.30","1.18","-1.80","0.00","0.20","0.3016","0.0000","0.2101"
"WEP","05 Oct 2018","31","184.66","185.70","0.88","-2.64","0.00","0.20","0.3016","0.0000","0.2101"
"WEP","05 Oct 2018","32","184.84","185.72","1.11","-2.71","0.00","0.20","0.3016","0.0000","0.2101"
"WEP","05 Oct 2018","33","171.59","172.95","0.82","-2.89","0.00","0.20","0.3016","0.0000","0.2101"
"WEP","05 Oct 2018","34","137.14","138.64","0.47","-2.68","0.00","0.20","0.3016","0.0000","0.2101"
"WEP","05 Oct 2018","35","124.61","125.70","0.29","-2.09","0.00","0.20","0.3016","0.0000","0.2101"
"WEP","05 Oct 2018","36","120.33","121.18","0.26","-1.82","0.00","0.20","0.3016","0.0000","0.2101"
"WEP","05 Oct 2018","37","118.81","118.96","0.41","-1.27","0.00","0.20","0.3016","0.0000","0.2101"
"WEP","05 Oct 2018","38","117.74","118.96","0.98","-2.91","0.00","0.20","0.3016","0.0000","0.2101"
"WEP","05 Oct 2018","39","206.15","205.69","2.97","-3.22","0.00","0.20","0.3016","0.0000","0.2101"
"WEP","05 Oct 2018","40","140.20","139.71","1.91","-2.13","0.00","0.20","0.3016","0.0000","0.2101"
"WEP","05 Oct 2018","41","215.85","215.13","3.27","-3.26","0.00","0.20","0.3016","0.0000","0.2101"
"WEP","05 Oct 2018","42","186.06","185.67","2.38","-2.71","0.00","0.20","0.3016","0.0000","0.2101"
"WEP","05 Oct 2018","43","204.00","204.76","2.36","-3.83","0.00","0.20","0.3016","0.0000","0.2101"
"WEP","05 Oct 2018","44","166.15","167.31","1.39","-3.26","0.00","0.20","0.3016","0.0000","0.2101"
"WEP","05 Oct 2018","45","129.19","129.79","1.36","-2.68","0.00","0.20","0.3016","0.0000","0.2101"
"WEP","05 Oct 2018","46","123.26","123.21","0.94","-1.60","0.00","0.20","0.3016","0.0000","0.2101"
"WEP","05 Oct 2018","47","123.43","123.05","0.94","-1.27","0.00","0.20","0.3016","0.0000","0.2101"
"WEP","05 Oct 2018","48","123.53","123.04","0.77","-1.00","0.00","0.20","0.3016","0.0000","0.2101"
"WEP","06 Oct 2018","1","134.35","134.59","0.35","-1.32","0.00","0.20","0.3016","0.0000","0.2272"
"WEP","06 Oct 2018","2","129.15","128.94","0.16","-0.67","0.00","0.20","0.3016","0.0000","0.2272"
"WEP","06 Oct 2018","3","123.96","124.03","0.05","-0.85","0.00","0.20","0.3016","0.0000","0.2272"
"WEP","06 Oct 2018","4","124.02","124.03","0.24","-0.98","0.00","0.20","0.3016","0.0000","0.2272"
"WEP","06 Oct 2018","5","123.40","123.06","0.26","-0.65","0.00","0.20","0.3016","0.0000","0.2272"
"WEP","06 Oct 2018","6","123.02","122.94","0.18","-0.83","0.00","0.20","0.3016","0.0000","0.2272"
"WEP","06 Oct 2018","7","119.96","119.94","0.19","-0.90","0.00","0.20","0.3016","0.0000","0.2272"
"WEP","06 Oct 2018","8","119.03","118.83","0.18","-0.71","0.00","0.20","0.3016","0.0000","0.2272"
"WEP","06 Oct 2018","9","118.12","117.82","0.17","-0.59","0.00","0.20","0.3016","0.0000","0.2272"
"WEP","06 Oct 2018","10","118.01","117.77","0.15","-0.64","0.00","0.20","0.3016","0.0000","0.2272"
"WEP","06 Oct 2018","11","117.98","117.84","0.17","-0.76","0.00","0.20","0.3016","0.0000","0.2272"
"WEP","06 Oct 2018","12","118.35","117.82","0.40","-0.60","0.00","0.20","0.3016","0.0000","0.2272"
"WEP","06 Oct 2018","13","121.91","120.64","1.24","-0.70","0.00","0.20","0.3016","0.0000","0.2272"
"WEP","06 Oct 2018","14","121.62","120.69","1.26","-1.06","0.00","0.20","0.3016","0.0000","0.2272"
"WEP","06 Oct 2018","15","124.52","123.12","1.69","-1.02","0.00","0.20","0.3016","0.0000","0.2272"
"WEP","06 Oct 2018","16","127.86","126.70","1.68","-1.25","0.00","0.20","0.3016","0.0000","0.2272"
"WEP","06 Oct 2018","17","140.10","138.87","1.65","-1.15","0.00","0.20","0.3016","0.0000","0.2272"
"WEP","06 Oct 2018","18","142.19","140.19","2.80","-1.53","0.00","0.20","0.3016","0.0000","0.2272"
"WEP","06 Oct 2018","19","142.43","140.92","1.21","-0.43","0.00","0.20","0.3016","0.0000","0.2272"
"WEP","06 Oct 2018","20","152.10","152.06","0.92","-1.60","0.00","0.20","0.3016","0.0000","0.2272"
"WEP","06 Oct 2018","21","181.26","181.56","0.77","-1.80","0.00","0.20","0.3016","0.0000","0.2272"
"WEP","06 Oct 2018","22","177.34","177.36","0.63","-1.38","0.00","0.20","0.3016","0.0000","0.2272"
"WEP","06 Oct 2018","23","171.06","171.43","0.62","-1.72","0.00","0.20","0.3016","0.0000","0.2272"
"WEP","06 Oct 2018","24","141.59","141.50","0.45","-1.09","0.00","0.20","0.3016","0.0000","0.2272"
"WEP","06 Oct 2018","25","138.14","138.62","0.44","-1.65","0.00","0.20","0.3016","0.0000","0.2272"
"WEP","06 Oct 2018","26","130.25","130.51","0.34","-1.33","0.00","0.20","0.3016","0.0000","0.2272"
"WEP","06 Oct 2018","27","132.72","132.44","0.33","-0.78","0.00","0.20","0.3016","0.0000","0.2272"
"WEP","06 Oct 2018","28","131.07","130.48","0.33","-0.47","0.00","0.20","0.3016","0.0000","0.2272"
"WEP","06 Oct 2018","29","130.55","129.63","0.28","-0.09","0.00","0.20","0.3016","0.0000","0.2272"
"WEP","06 Oct 2018","30","124.83","124.18","0.29","-0.37","0.00","0.20","0.3016","0.0000","0.2272"
"WEP","06 Oct 2018","31","123.71","123.15","0.63","-0.80","0.00","0.20","0.3016","0.0000","0.2272"
"WEP","06 Oct 2018","32","123.27","123.15","0.65","-1.26","0.00","0.20","0.3016","0.0000","0.2272"
"WEP","06 Oct 2018","33","123.64","124.19","0.73","-2.01","0.00","0.20","0.3016","0.0000","0.2272"
"WEP","06 Oct 2018","34","124.19","124.02","0.97","-1.53","0.00","0.20","0.3016","0.0000","0.2272"
"WEP","06 Oct 2018","35","123.78","123.12","1.21","-1.28","0.00","0.20","0.3016","0.0000","0.2272"
"WEP","06 Oct 2018","36","121.75","120.77","1.63","-1.38","0.00","0.20","0.3016","0.0000","0.2272"
"WEP","06 Oct 2018","37","124.59","123.11","1.57","-0.82","0.00","0.20","0.3016","0.0000","0.2272"
"WEP","06 Oct 2018","38","126.20","125.19","1.54","-1.26","0.00","0.20","0.3016","0.0000","0.2272"
"WEP","06 Oct 2018","39","129.47","128.34","1.53","-1.13","0.00","0.20","0.3016","0.0000","0.2272"
"WEP","06 Oct 2018","40","126.03","125.66","1.01","-1.37","0.00","0.20","0.3016","0.0000","0.2272"
"WEP","06 Oct 2018","41","124.71","124.30","1.01","-1.32","0.00","0.20","0.3016","0.0000","0.2272"
"WEP","06 Oct 2018","42","123.88","123.24","0.98","-1.06","0.00","0.20","0.3016","0.0000","0.2272"
"WEP","06 Oct 2018","43","120.25","119.09","1.50","-1.07","0.00","0.20","0.3016","0.0000","0.2272"
"WEP","06 Oct 2018","44","128.38","128.40","0.97","-1.72","0.00","0.20","0.3016","0.0000","0.2272"
"WEP","06 Oct 2018","45","123.87","123.17","1.16","-1.19","0.00","0.20","0.3016","0.0000","0.2272"
"WEP","06 Oct 2018","46","119.35","118.94","0.70","-1.02","0.00","0.20","0.3016","0.0000","0.2272"
"WEP","06 Oct 2018","47","117.36","116.23","0.71","-0.31","0.00","0.20","0.3016","0.0000","0.2272"
"WEP","06 Oct 2018","48","122.03","121.21","0.69","-0.60","0.00","0.20","0.3016","0.0000","0.2272"
"WEP","07 Oct 2018","1","121.82","121.51","0.37","-0.80","0.00","0.20","0.3016","0.0000","0.2421"
"WEP","07 Oct 2018","2","119.29","118.94","0.17","-0.57","0.00","0.20","0.3016","0.0000","0.2421"
"WEP","07 Oct 2018","3","117.18","116.14","0.33","-0.04","0.00","0.20","0.3016","0.0000","0.2421"
"WEP","07 Oct 2018","4","117.13","115.98","0.32","0.09","0.00","0.20","0.3016","0.0000","0.2421"
"WEP","07 Oct 2018","5","115.14","114.35","0.36","-0.31","0.00","0.20","0.3016","0.0000","0.2421"
"WEP","07 Oct 2018","6","112.18","111.73","0.33","-0.62","0.00","0.20","0.3016","0.0000","0.2421"
"WEP","07 Oct 2018","7","112.23","110.89","0.33","0.27","0.00","0.20","0.3016","0.0000","0.2421"
"WEP","07 Oct 2018","8","109.28","108.13","0.33","0.07","0.00","0.20","0.3016","0.0000","0.2421"
"WEP","07 Oct 2018","9","108.59","107.44","0.33","0.07","0.00","0.20","0.3016","0.0000","0.2421"
"WEP","07 Oct 2018","10","108.10","107.43","0.20","-0.27","0.00","0.20","0.3016","0.0000","0.2421"
"WEP","07 Oct 2018","11","108.08","107.19","0.34","-0.19","0.00","0.20","0.3016","0.0000","0.2421"
"WEP","07 Oct 2018","12","109.88","109.06","0.41","-0.34","0.00","0.20","0.3016","0.0000","0.2421"
"WEP","07 Oct 2018","13","112.14","110.92","0.70","-0.23","0.00","0.20","0.3016","0.0000","0.2421"
"WEP","07 Oct 2018","14","110.57","109.79","0.83","-0.79","0.00","0.20","0.3016","0.0000","0.2421"
"WEP","07 Oct 2018","15","108.88","107.17","1.45","-0.48","0.00","0.20","0.3016","0.0000","0.2421"
"WEP","07 Oct 2018","16","109.46","108.10","1.52","-0.90","0.00","0.20","0.3016","0.0000","0.2421"
"WEP","07 Oct 2018","17","113.74","112.53","1.51","-1.04","0.00","0.20","0.3016","0.0000","0.2421"
"WEP","07 Oct 2018","18","122.29","121.48","1.75","-1.69","0.00","0.20","0.3016","0.0000","0.2421"
"WEP","07 Oct 2018","19","124.66","124.10","1.16","-1.34","0.00","0.20","0.3016","0.0000","0.2421"
"WEP","07 Oct 2018","20","124.54","124.23","0.77","-1.21","0.00","0.20","0.3016","0.0000","0.2421"
"WEP","07 Oct 2018","21","124.94","124.73","0.73","-1.26","0.00","0.20","0.3016","0.0000","0.2421"
"WEP","07 Oct 2018","22","124.39","124.26","0.41","-1.02","0.00","0.20","0.3016","0.0000","0.2421"
"WEP","07 Oct 2018","23","124.56","124.25","0.59","-1.02","0.00","0.20","0.3016","0.0000","0.2421"
"WEP","07 Oct 2018","24","124.37","124.23","0.38","-0.99","0.00","0.20","0.3016","0.0000","0.2421"
"WEP","07 Oct 2018","25","124.69","124.26","0.39","-0.70","0.00","0.20","0.3016","0.0000","0.2421"
"WEP","07 Oct 2018","26","124.44","124.06","0.39","-0.75","0.00","0.20","0.3016","0.0000","0.2421"
"WEP","07 Oct 2018","27","124.33","124.04","0.38","-0.83","0.00","0.20","0.3016","0.0000","0.2421"
"WEP","07 Oct 2018","28","123.20","123.03","0.41","-0.99","0.00","0.20","0.3016","0.0000","0.2421"
"WEP","07 Oct 2018","29","123.26","122.95","0.39","-0.83","0.00","0.20","0.3016","0.0000","0.2421"
"WEP","07 Oct 2018","30","123.49","122.95","0.38","-0.58","0.00","0.20","0.3016","0.0000","0.2421"
"WEP","07 Oct 2018","31","132.93","131.36","0.92","-0.10","0.00","0.20","0.3016","0.0000","0.2421"
"WEP","07 Oct 2018","32","123.32","122.26","0.67","-0.36","0.00","0.20","0.3016","0.0000","0.2421"
"WEP","07 Oct 2018","33","123.46","122.96","0.42","-0.66","0.00","0.20","0.3016","0.0000","0.2421"
"WEP","07 Oct 2018","34","120.93","120.46","0.63","-0.90","0.00","0.20","0.3016","0.0000","0.2421"
"WEP","07 Oct 2018","35","122.79","121.49","1.33","-0.77","0.00","0.20","0.3016","0.0000","0.2421"
"WEP","07 Oct 2018","36","121.95","120.46","1.63","-0.88","0.00","0.20","0.3016","0.0000","0.2421"
"WEP","07 Oct 2018","37","125.33","123.98","1.53","-0.93","0.00","0.20","0.3016","0.0000","0.2421"
"WEP","07 Oct 2018","38","127.53","126.20","1.49","-0.90","0.00","0.20","0.3016","0.0000","0.2421"
"WEP","07 Oct 2018","39","133.03","131.43","1.54","-0.68","0.00","0.20","0.3016","0.0000","0.2421"
"WEP","07 Oct 2018","40","134.19","133.43","0.74","-0.72","0.00","0.20","0.3016","0.0000","0.2421"
"WEP","07 Oct 2018","41","134.46","133.48","0.74","-0.50","0.00","0.20","0.3016","0.0000","0.2421"
"WEP","07 Oct 2018","42","133.23","132.45","0.72","-0.68","0.00","0.20","0.3016","0.0000","0.2421"
"WEP","07 Oct 2018","43","131.52","130.87","0.72","-0.82","0.00","0.20","0.3016","0.0000","0.2421"
"WEP","07 Oct 2018","44","130.87","129.47","0.61","0.05","0.00","0.20","0.3016","0.0000","0.2421"
"WEP","07 Oct 2018","45","125.79","124.28","0.75","0.02","0.00","0.20","0.3016","0.0000","0.2421"
"WEP","07 Oct 2018","46","124.12","122.99","0.62","-0.23","0.00","0.20","0.3016","0.0000","0.2421"
"WEP","07 Oct 2018","47","124.96","124.09","0.44","-0.31","0.00","0.20","0.3016","0.0000","0.2421"
"WEP","07 Oct 2018","48","121.09","120.23","0.41","-0.29","0.00","0.20","0.3016","0.0000","0.2421"
"WEP","08 Oct 2018","1","112.08","111.69","0.23","-0.56","0.00","0.20","0.3016","0.0000","0.2206"
"WEP","08 Oct 2018","2","111.33","110.95","0.18","-0.53","0.00","0.20","0.3016","0.0000","0.2206"
"WEP","08 Oct 2018","3","109.65","108.98","0.17","-0.23","0.00","0.20","0.3016","0.0000","0.2206"
"WEP","08 Oct 2018","4","111.28","110.56","0.34","-0.34","0.00","0.20","0.3016","0.0000","0.2206"
"WEP","08 Oct 2018","5","109.87","108.94","0.37","-0.16","0.00","0.20","0.3016","0.0000","0.2206"
"WEP","08 Oct 2018","6","108.40","107.33","0.35","0.00","0.00","0.20","0.3016","0.0000","0.2206"
"WEP","08 Oct 2018","7","107.78","106.80","0.34","-0.08","0.00","0.20","0.3016","0.0000","0.2206"
"WEP","08 Oct 2018","8","107.37","106.76","0.34","-0.45","0.00","0.20","0.3016","0.0000","0.2206"
"WEP","08 Oct 2018","9","107.88","106.71","0.34","0.10","0.00","0.20","0.3016","0.0000","0.2206"
"WEP","08 Oct 2018","10","108.03","106.91","0.27","0.13","0.00","0.20","0.3016","0.0000","0.2206"
"WEP","08 Oct 2018","11","111.87","110.90","0.35","-0.10","0.00","0.20","0.3016","0.0000","0.2206"
"WEP","08 Oct 2018","12","112.19","110.90","0.32","0.25","0.00","0.20","0.3016","0.0000","0.2206"
"WEP","08 Oct 2018","13","116.57","116.12","0.45","-0.72","0.00","0.20","0.3016","0.0000","0.2206"
"WEP","08 Oct 2018","14","119.62","118.59","0.92","-0.61","0.00","0.20","0.3016","0.0000","0.2206"
"WEP","08 Oct 2018","15","120.82","119.79","0.48","-0.17","0.00","0.20","0.3016","0.0000","0.2206"
"WEP","08 Oct 2018","16","124.91","124.16","0.70","-0.68","0.00","0.20","0.3016","0.0000","0.2206"
"WEP","08 Oct 2018","17","127.77","127.78","0.68","-1.41","0.00","0.20","0.3016","0.0000","0.2206"
"WEP","08 Oct 2018","18","135.09","135.23","0.84","-1.71","0.00","0.20","0.3016","0.0000","0.2206"
"WEP","08 Oct 2018","19","149.04","149.00","0.61","-1.29","0.00","0.20","0.3016","0.0000","0.2206"
"WEP","08 Oct 2018","20","223.22","223.43","1.13","-2.06","0.00","0.20","0.3016","0.0000","0.2206"
"WEP","08 Oct 2018","21","525.77","525.56","3.71","-4.22","0.00","0.20","0.3016","0.0000","0.2206"
"WEP","08 Oct 2018","22","600.24","600.62","3.14","-4.25","0.00","0.20","0.3016","0.0000","0.2206"
"WEP","08 Oct 2018","23","615.36","615.72","3.11","-4.19","0.00","0.20","0.3016","0.0000","0.2206"
"WEP","08 Oct 2018","24","545.83","547.23","3.02","-5.14","0.00","0.20","0.3016","0.0000","0.2206"
"WEP","08 Oct 2018","25","463.91","465.23","1.82","-3.87","0.00","0.20","0.3016","0.0000","0.2206"
"WEP","08 Oct 2018","26","463.16","465.74","1.71","-5.01","0.00","0.20","0.3016","0.0000","0.2206"
"WEP","08 Oct 2018","27","589.07","591.94","2.99","-6.58","0.00","0.20","0.3016","0.0000","0.2206"
"WEP","08 Oct 2018","28","514.70","517.91","1.65","-5.58","0.00","0.20","0.3016","0.0000","0.2206"
"WEP","08 Oct 2018","29","456.56","460.42","0.99","-5.58","0.00","0.20","0.3016","0.0000","0.2206"
"WEP","08 Oct 2018","30","446.31","450.33","0.81","-5.55","0.00","0.20","0.3016","0.0000","0.2206"
"WEP","08 Oct 2018","31","423.53","426.50","0.81","-4.50","0.00","0.20","0.3016","0.0000","0.2206"
"WEP","08 Oct 2018","32","442.09","445.09","0.82","-4.55","0.00","0.20","0.3016","0.0000","0.2206"
"WEP","08 Oct 2018","33","409.54","411.47","0.85","-3.50","0.00","0.20","0.3016","0.0000","0.2206"
"WEP","08 Oct 2018","34","284.18","286.08","0.54","-3.16","0.00","0.20","0.3016","0.0000","0.2206"
"WEP","08 Oct 2018","35","133.31","133.62","0.57","-1.61","0.00","0.20","0.3016","0.0000","0.2206"
"WEP","08 Oct 2018","36","124.19","124.36","0.62","-1.51","0.00","0.20","0.3016","0.0000","0.2206"
"WEP","08 Oct 2018","37","124.75","124.30","0.63","-0.90","0.00","0.20","0.3016","0.0000","0.2206"
"WEP","08 Oct 2018","38","124.56","124.34","0.63","-1.13","0.00","0.20","0.3016","0.0000","0.2206"
"WEP","08 Oct 2018","39","124.38","124.34","0.42","-1.10","0.00","0.20","0.3016","0.0000","0.2206"
"WEP","08 Oct 2018","40","128.13","128.16","0.35","-1.11","0.00","0.20","0.3016","0.0000","0.2206"
"WEP","08 Oct 2018","41","127.76","127.88","0.38","-1.22","0.00","0.20","0.3016","0.0000","0.2206"
"WEP","08 Oct 2018","42","128.08","128.30","0.37","-1.31","0.00","0.20","0.3016","0.0000","0.2206"
"WEP","08 Oct 2018","43","127.16","127.52","0.38","-1.46","0.00","0.20","0.3016","0.0000","0.2206"
"WEP","08 Oct 2018","44","124.13","124.37","0.32","-1.29","0.00","0.20","0.3016","0.0000","0.2206"
"WEP","08 Oct 2018","45","124.83","124.35","0.41","-0.65","0.00","0.20","0.3016","0.0000","0.2206"
"WEP","08 Oct 2018","46","128.68","128.27","0.60","-0.91","0.00","0.20","0.3016","0.0000","0.2206"
"WEP","08 Oct 2018","47","134.84","134.42","0.65","-0.95","0.00","0.20","0.3016","0.0000","0.2206"
"WEP","08 Oct 2018","48","124.61","123.97","0.44","-0.52","0.00","0.20","0.3016","0.0000","0.2206"
"WEP","09 Oct 2018","1","121.20","121.37","0.19","-1.09","0.00","0.20","0.3016","0.0000","0.2235"
"WEP","09 Oct 2018","2","119.61","119.57","0.14","-0.82","0.00","0.20","0.3016","0.0000","0.2235"
"WEP","09 Oct 2018","3","120.51","120.20","0.12","-0.54","0.00","0.20","0.3016","0.0000","0.2235"
"WEP","09 Oct 2018","4","116.87","116.03","0.17","-0.05","0.00","0.20","0.3016","0.0000","0.2235"
"WEP","09 Oct 2018","5","116.09","115.18","0.28","-0.10","0.00","0.20","0.3016","0.0000","0.2235"
"WEP","09 Oct 2018","6","114.60","113.72","0.21","-0.06","0.00","0.20","0.3016","0.0000","0.2235"
"WEP","09 Oct 2018","7","113.20","112.69","0.20","-0.42","0.00","0.20","0.3016","0.0000","0.2235"
"WEP","09 Oct 2018","8","112.64","112.14","0.25","-0.47","0.00","0.20","0.3016","0.0000","0.2235"
"WEP","09 Oct 2018","9","112.19","112.28","0.25","-1.07","0.00","0.20","0.3016","0.0000","0.2235"
"WEP","09 Oct 2018","10","112.94","112.28","0.25","-0.31","0.00","0.20","0.3016","0.0000","0.2235"
"WEP","09 Oct 2018","11","116.71","115.80","0.34","-0.16","0.00","0.20","0.3016","0.0000","0.2235"
"WEP","09 Oct 2018","12","120.63","120.10","0.24","-0.44","0.00","0.20","0.3016","0.0000","0.2235"
"WEP","09 Oct 2018","13","116.25","115.22","0.45","-0.14","0.00","0.20","0.3016","0.0000","0.2235"
"WEP","09 Oct 2018","14","118.24","118.08","0.45","-1.02","0.00","0.20","0.3016","0.0000","0.2235"
"WEP","09 Oct 2018","15","106.66","105.15","1.41","-0.63","0.00","0.20","0.3016","0.0000","0.2235"
"WEP","09 Oct 2018","16","112.89","110.74","1.96","-0.54","0.00","0.20","0.3016","0.0000","0.2235"
"WEP","09 Oct 2018","17","123.62","121.96","1.68","-0.74","0.00","0.20","0.3016","0.0000","0.2235"
"WEP","09 Oct 2018","18","132.60","130.22","1.80","-0.15","0.00","0.20","0.3016","0.0000","0.2235"
"WEP","09 Oct 2018","19","130.91","130.42","0.69","-0.92","0.00","0.20","0.3016","0.0000","0.2235"
"WEP","09 Oct 2018","20","130.61","130.23","0.64","-0.98","0.00","0.20","0.3016","0.0000","0.2235"
"WEP","09 Oct 2018","21","130.82","130.33","0.41","-0.64","0.00","0.20","0.3016","0.0000","0.2235"
"WEP","09 Oct 2018","22","130.71","130.48","0.35","-0.84","0.00","0.20","0.3016","0.0000","0.2235"
"WEP","09 Oct 2018","23","129.39","129.91","0.35","-1.59","0.00","0.20","0.3016","0.0000","0.2235"
"WEP","09 Oct 2018","24","123.48","124.21","0.29","-1.75","0.00","0.20","0.3016","0.0000","0.2235"
"WEP","09 Oct 2018","25","114.61","115.29","0.17","-1.57","0.00","0.20","0.3016","0.0000","0.2235"
"WEP","09 Oct 2018","26","116.34","116.85","0.17","-1.40","0.00","0.20","0.3016","0.0000","0.2235"
"WEP","09 Oct 2018","27","121.18","121.79","0.23","-1.57","0.00","0.20","0.3016","0.0000","0.2235"
"WEP","09 Oct 2018","28","122.52","122.90","0.25","-1.36","0.00","0.20","0.3016","0.0000","0.2235"
"WEP","09 Oct 2018","29","123.01","123.19","0.25","-1.16","0.00","0.20","0.3016","0.0000","0.2235"
"WEP","09 Oct 2018","30","122.64","122.88","0.21","-1.18","0.00","0.20","0.3016","0.0000","0.2235"
"WEP","09 Oct 2018","31","122.20","122.91","0.20","-1.63","0.00","0.20","0.3016","0.0000","0.2235"
"WEP","09 Oct 2018","32","122.10","122.91","0.21","-1.74","0.00","0.20","0.3016","0.0000","0.2235"
"WEP","09 Oct 2018","33","122.36","122.92","0.21","-1.49","0.00","0.20","0.3016","0.0000","0.2235"
"WEP","09 Oct 2018","34","122.13","122.92","0.23","-1.75","0.00","0.20","0.3016","0.0000","0.2235"
"WEP","09 Oct 2018","35","113.07","113.63","0.19","-1.48","0.00","0.20","0.3016","0.0000","0.2235"
"WEP","09 Oct 2018","36","110.19","110.72","0.25","-1.51","0.00","0.20","0.3016","0.0000","0.2235"
"WEP","09 Oct 2018","37","108.19","108.50","0.24","-1.28","0.00","0.20","0.3016","0.0000","0.2235"
"WEP","09 Oct 2018","38","110.78","111.19","0.25","-1.38","0.00","0.20","0.3016","0.0000","0.2235"
"WEP","09 Oct 2018","39","111.93","112.23","0.25","-1.27","0.00","0.20","0.3016","0.0000","0.2235"
"WEP","09 Oct 2018","40","114.52","114.46","0.60","-1.27","0.00","0.20","0.3016","0.0000","0.2235"
"WEP","09 Oct 2018","41","111.20","111.53","0.20","-1.26","0.00","0.20","0.3016","0.0000","0.2235"
"WEP","09 Oct 2018","42","130.00","130.43","0.59","-1.75","0.00","0.20","0.3016","0.0000","0.2235"
"WEP","09 Oct 2018","43","124.59","124.60","0.47","-1.20","0.00","0.20","0.3016","0.0000","0.2235"
"WEP","09 Oct 2018","44","131.07","131.41","0.54","-1.60","0.00","0.20","0.3016","0.0000","0.2235"
"WEP","09 Oct 2018","45","133.71","133.46","0.63","-1.11","0.00","0.20","0.3016","0.0000","0.2235"
"WEP","09 Oct 2018","46","123.96","123.53","0.41","-0.70","0.00","0.20","0.3016","0.0000","0.2235"
"WEP","09 Oct 2018","47","128.92","128.14","0.50","-0.45","0.00","0.20","0.3016","0.0000","0.2235"
"WEP","09 Oct 2018","48","120.66","119.80","0.34","-0.21","0.00","0.20","0.3016","0.0000","0.2235"
"WEP","10 Oct 2018","1","124.28","123.63","0.23","-0.31","0.00","0.20","0.3016","0.0000","0.2261"
"WEP","10 Oct 2018","2","121.91","120.81","0.16","0.21","0.00","0.20","0.3016","0.0000","0.2261"
"WEP","10 Oct 2018","3","117.06","116.00","0.32","0.02","0.00","0.20","0.3016","0.0000","0.2261"
"WEP","10 Oct 2018","4","115.24","114.19","0.32","0.01","0.00","0.20","0.3016","0.0000","0.2261"
"WEP","10 Oct 2018","5","113.74","112.61","0.34","0.06","0.00","0.20","0.3016","0.0000","0.2261"
"WEP","10 Oct 2018","6","112.83","111.84","0.21","0.05","0.00","0.20","0.3016","0.0000","0.2261"
"WEP","10 Oct 2018","7","112.76","111.83","0.21","-0.01","0.00","0.20","0.3016","0.0000","0.2261"
"WEP","10 Oct 2018","8","112.87","111.73","0.32","0.09","0.00","0.20","0.3016","0.0000","0.2261"
"WEP","10 Oct 2018","9","113.06","111.83","0.32","0.18","0.00","0.20","0.3016","0.0000","0.2261"
"WEP","10 Oct 2018","10","112.67","111.73","0.32","-0.10","0.00","0.20","0.3016","0.0000","0.2261"
"WEP","10 Oct 2018","11","112.73","111.84","0.33","-0.17","0.00","0.20","0.3016","0.0000","0.2261"
"WEP","10 Oct 2018","12","115.89","115.42","0.41","-0.67","0.00","0.20","0.3016","0.0000","0.2261"
"WEP","10 Oct 2018","13","112.93","111.97","0.43","-0.20","0.00","0.20","0.3016","0.0000","0.2261"
"WEP","10 Oct 2018","14","116.02","116.14","0.43","-1.28","0.00","0.20","0.3016","0.0000","0.2261"
"WEP","10 Oct 2018","15","102.58","102.26","0.48","-0.89","0.00","0.20","0.3016","0.0000","0.2261"
"WEP","10 Oct 2018","16","110.45","109.55","0.64","-0.47","0.00","0.20","0.3016","0.0000","0.2261"
"WEP","10 Oct 2018","17","112.52","112.44","0.46","-1.11","0.00","0.20","0.3016","0.0000","0.2261"
"WEP","10 Oct 2018","18","124.27","124.20","0.45","-1.10","0.00","0.20","0.3016","0.0000","0.2261"
"WEP","10 Oct 2018","19","127.04","126.86","0.40","-0.94","0.00","0.20","0.3016","0.0000","0.2261"
"WEP","10 Oct 2018","20","128.63","128.40","0.37","-0.87","0.00","0.20","0.3016","0.0000","0.2261"
"WEP","10 Oct 2018","21","133.53","133.55","0.44","-1.19","0.00","0.20","0.3016","0.0000","0.2261"
"WEP","10 Oct 2018","22","134.32","134.67","0.42","-1.50","0.00","0.20","0.3016","0.0000","0.2261"
"WEP","10 Oct 2018","23","133.08","133.54","0.40","-1.58","0.00","0.20","0.3016","0.0000","0.2261"
"WEP","10 Oct 2018","24","129.19","129.99","0.32","-1.85","0.00","0.20","0.3016","0.0000","0.2261"
"WEP","10 Oct 2018","25","127.71","128.45","0.32","-1.79","0.00","0.20","0.3016","0.0000","0.2261"
"WEP","10 Oct 2018","26","129.89","130.36","0.33","-1.53","0.00","0.20","0.3016","0.0000","0.2261"
"WEP","10 Oct 2018","27","134.15","134.63","0.40","-1.60","0.00","0.20","0.3016","0.0000","0.2261"
"WEP","10 Oct 2018","28","138.41","138.74","0.49","-1.55","0.00","0.20","0.3016","0.0000","0.2261"
"WEP","10 Oct 2018","29","139.12","138.74","0.49","-0.84","0.00","0.20","0.3016","0.0000","0.2261"
"WEP","10 Oct 2018","30","134.65","134.57","0.42","-1.06","0.00","0.20","0.3016","0.0000","0.2261"
"WEP","10 Oct 2018","31","130.08","130.50","0.35","-1.50","0.00","0.20","0.3016","0.0000","0.2261"
"WEP","10 Oct 2018","32","129.85","130.36","0.35","-1.59","0.00","0.20","0.3016","0.0000","0.2261"
"WEP","10 Oct 2018","33","130.11","130.49","0.37","-1.48","0.00","0.20","0.3016","0.0000","0.2261"
"WEP","10 Oct 2018","34","128.18","128.45","0.38","-1.38","0.00","0.20","0.3016","0.0000","0.2261"
"WEP","10 Oct 2018","35","124.31","124.22","0.31","-0.95","0.00","0.20","0.3016","0.0000","0.2261"
"WEP","10 Oct 2018","36","114.04","113.93","0.32","-0.94","0.00","0.20","0.3016","0.0000","0.2261"
"WEP","10 Oct 2018","37","110.38","109.86","0.24","-0.44","0.00","0.20","0.3016","0.0000","0.2261"
"WEP","10 Oct 2018","38","111.64","111.18","0.26","-0.53","0.00","0.20","0.3016","0.0000","0.2261"
"WEP","10 Oct 2018","39","112.28","111.82","0.26","-0.53","0.00","0.20","0.3016","0.0000","0.2261"
"WEP","10 Oct 2018","40","112.76","112.43","0.23","-0.63","0.00","0.20","0.3016","0.0000","0.2261"
"WEP","10 Oct 2018","41","121.64","121.42","0.32","-0.83","0.00","0.20","0.3016","0.0000","0.2261"
"WEP","10 Oct 2018","42","130.54","130.43","0.53","-1.15","0.00","0.20","0.3016","0.0000","0.2261"
"WEP","10 Oct 2018","43","124.45","124.20","0.39","-0.87","0.00","0.20","0.3016","0.0000","0.2261"
"WEP","10 Oct 2018","44","116.98","116.85","0.26","-0.85","0.00","0.20","0.3016","0.0000","0.2261"
"WEP","10 Oct 2018","45","112.29","111.58","0.26","-0.27","0.00","0.20","0.3016","0.0000","0.2261"
"WEP","10 Oct 2018","46","122.36","121.77","0.41","-0.55","0.00","0.20","0.3016","0.0000","0.2261"
"WEP","10 Oct 2018","47","121.84","120.63","0.41","0.07","0.00","0.20","0.3016","0.0000","0.2261"
"WEP","10 Oct 2018","48","107.45","106.64","0.25","-0.16","0.00","0.20","0.3016","0.0000","0.2261"
"WEP","11 Oct 2018","1","118.14","116.81","0.59","0.01","0.00","0.20","0.3016","0.0000","0.2280"
"WEP","11 Oct 2018","2","116.45","114.95","0.38","0.39","0.00","0.20","0.3016","0.0000","0.2280"
"WEP","11 Oct 2018","3","113.67","112.25","0.35","0.34","0.00","0.20","0.3016","0.0000","0.2280"
"WEP","11 Oct 2018","4","112.87","111.59","0.35","0.20","0.00","0.20","0.3016","0.0000","0.2280"
"WEP","11 Oct 2018","5","111.81","110.42","0.37","0.29","0.00","0.20","0.3016","0.0000","0.2280"
"WEP","11 Oct 2018","6","107.28","105.97","0.36","0.22","0.00","0.20","0.3016","0.0000","0.2280"
"WEP","11 Oct 2018","7","107.04","105.72","0.35","0.24","0.00","0.20","0.3016","0.0000","0.2280"
"WEP","11 Oct 2018","8","106.89","105.76","0.35","0.05","0.00","0.20","0.3016","0.0000","0.2280"
"WEP","11 Oct 2018","9","106.97","105.75","0.35","0.14","0.00","0.20","0.3016","0.0000","0.2280"
"WEP","11 Oct 2018","10","107.83","106.60","0.34","0.16","0.00","0.20","0.3016","0.0000","0.2280"
"WEP","11 Oct 2018","11","109.06","107.99","0.36","-0.02","0.00","0.20","0.3016","0.0000","0.2280"
"WEP","11 Oct 2018","12","113.81","112.23","0.62","0.23","0.00","0.20","0.3016","0.0000","0.2280"
"WEP","11 Oct 2018","13","112.70","111.04","0.46","0.47","0.00","0.20","0.3016","0.0000","0.2280"
"WEP","11 Oct 2018","14","116.33","115.74","0.46","-0.60","0.00","0.20","0.3016","0.0000","0.2280"
"WEP","11 Oct 2018","15","100.08","99.04","0.68","-0.37","0.00","0.20","0.3016","0.0000","0.2280"
"WEP","11 Oct 2018","16","106.24","105.39","0.62","-0.50","0.00","0.20","0.3016","0.0000","0.2280"
"WEP","11 Oct 2018","17","111.53","110.61","0.63","-0.44","0.00","0.20","0.3016","0.0000","0.2280"
"WEP","11 Oct 2018","18","122.78","122.52","0.45","-0.92","0.00","0.20","0.3016","0.0000","0.2280"
"WEP","11 Oct 2018","19","124.32","124.20","0.33","-0.94","0.00","0.20","0.3016","0.0000","0.2280"
"WEP","11 Oct 2018","20","123.97","124.22","0.30","-1.28","0.00","0.20","0.3016","0.0000","0.2280"
"WEP","11 Oct 2018","21","130.09","130.49","0.40","-1.53","0.00","0.20","0.3016","0.0000","0.2280"
"WEP","11 Oct 2018","22","133.06","133.60","0.40","-1.67","0.00","0.20","0.3016","0.0000","0.2280"
"WEP","11 Oct 2018","23","132.96","133.60","0.39","-1.76","0.00","0.20","0.3016","0.0000","0.2280"
"WEP","11 Oct 2018","24","129.81","130.47","0.32","-1.71","0.00","0.20","0.3016","0.0000","0.2280"
"WEP","11 Oct 2018","25","343.18","343.91","3.16","-4.62","0.00","0.20","0.3016","0.0000","0.2280"
"WEP","11 Oct 2018","26","454.91","455.01","3.14","-3.97","0.00","0.20","0.3016","0.0000","0.2280"
"WEP","11 Oct 2018","27","133.05","133.55","0.40","-1.63","0.00","0.20","0.3016","0.0000","0.2280"
"WEP","11 Oct 2018","28","144.51","145.01","0.55","-1.78","0.00","0.20","0.3016","0.0000","0.2280"
"WEP","11 Oct 2018","29","161.38","161.86","0.84","-2.05","0.00","0.20","0.3016","0.0000","0.2280"
"WEP","11 Oct 2018","30","148.52","149.09","0.61","-1.91","0.00","0.20","0.3016","0.0000","0.2280"
"WEP","11 Oct 2018","31","145.18","144.98","0.55","-1.07","0.00","0.20","0.3016","0.0000","0.2280"
"WEP","11 Oct 2018","32","140.99","140.85","0.49","-1.08","0.00","0.20","0.3016","0.0000","0.2280"
"WEP","11 Oct 2018","33","128.57","128.46","0.32","-0.94","0.00","0.20","0.3016","0.0000","0.2280"
"WEP","11 Oct 2018","34","123.24","123.18","0.27","-0.94","0.00","0.20","0.3016","0.0000","0.2280"
"WEP","11 Oct 2018","35","116.93","117.10","0.24","-1.14","0.00","0.20","0.3016","0.0000","0.2280"
"WEP","11 Oct 2018","36","108.99","109.00","0.23","-0.97","0.00","0.20","0.3016","0.0000","0.2280"
"WEP","11 Oct 2018","37","107.57","107.52","0.23","-0.91","0.00","0.20","0.3016","0.0000","0.2280"
"WEP","11 Oct 2018","38","111.31","111.12","0.23","-0.77","0.00","0.20","0.3016","0.0000","0.2280"
"WEP","11 Oct 2018","39","111.92","111.18","0.23","-0.22","0.00","0.20","0.3016","0.0000","0.2280"
"WEP","11 Oct 2018","40","111.46","111.18","0.20","-0.65","0.00","0.20","0.3016","0.0000","0.2280"
"WEP","11 Oct 2018","41","111.48","111.17","0.24","-0.66","0.00","0.20","0.3016","0.0000","0.2280"
"WEP","11 Oct 2018","42","123.12","123.19","0.38","-1.18","0.00","0.20","0.3016","0.0000","0.2280"
"WEP","11 Oct 2018","43","115.75","115.56","0.32","-0.86","0.00","0.20","0.3016","0.0000","0.2280"
"WEP","11 Oct 2018","44","128.62","128.30","0.57","-0.98","0.00","0.20","0.3016","0.0000","0.2280"
"WEP","11 Oct 2018","45","129.17","128.28","0.58","-0.42","0.00","0.20","0.3016","0.0000","0.2280"
"WEP","11 Oct 2018","46","118.91","117.73","0.42","0.03","0.00","0.20","0.3016","0.0000","0.2280"
"WEP","11 Oct 2018","47","122.74","121.46","0.43","0.12","0.00","0.20","0.3016","0.0000","0.2280"
"WEP","11 Oct 2018","48","105.85","104.69","0.25","0.18","0.00","0.20","0.3016","0.0000","0.2280"
"WEP","12 Oct 2018","1","118.30","117.35","0.20","0.02","0.00","0.20","0.3016","0.0000","0.2287"
"WEP","12 Oct 2018","2","116.20","115.05","0.36","0.06","0.00","0.20","0.3016","0.0000","0.2287"
"WEP","12 Oct 2018","3","115.19","114.14","0.28","0.04","0.00","0.20","0.3016","0.0000","0.2287"
"WEP","12 Oct 2018","4","114.72","113.63","0.26","0.10","0.00","0.20","0.3016","0.0000","0.2287"
"WEP","12 Oct 2018","5","112.21","110.92","0.29","0.27","0.00","0.20","0.3016","0.0000","0.2287"
"WEP","12 Oct 2018","6","109.23","107.82","0.28","0.40","0.00","0.20","0.3016","0.0000","0.2287"
"WEP","12 Oct 2018","7","107.81","106.66","0.26","0.16","0.00","0.20","0.3016","0.0000","0.2287"
"WEP","12 Oct 2018","8","107.87","106.65","0.26","0.22","0.00","0.20","0.3016","0.0000","0.2287"
"WEP","12 Oct 2018","9","107.81","106.65","0.26","0.17","0.00","0.20","0.3016","0.0000","0.2287"
"WEP","12 Oct 2018","10","107.61","106.65","0.21","0.02","0.00","0.20","0.3016","0.0000","0.2287"
"WEP","12 Oct 2018","11","109.38","108.39","0.28","-0.02","0.00","0.20","0.3016","0.0000","0.2287"
"WEP","12 Oct 2018","12","112.27","111.63","0.25","-0.34","0.00","0.20","0.3016","0.0000","0.2287"
"WEP","12 Oct 2018","13","112.02","111.03","0.46","-0.20","0.00","0.20","0.3016","0.0000","0.2287"
"WEP","12 Oct 2018","14","112.85","112.58","0.46","-0.92","0.00","0.20","0.3016","0.0000","0.2287"
"WEP","12 Oct 2018","15","103.54","102.66","0.71","-0.56","0.00","0.20","0.3016","0.0000","0.2287"
"WEP","12 Oct 2018","16","107.13","106.54","0.70","-0.85","0.00","0.20","0.3016","0.0000","0.2287"
"WEP","12 Oct 2018","17","112.05","111.60","0.70","-0.98","0.00","0.20","0.3016","0.0000","0.2287"
"WEP","12 Oct 2018","18","123.31","123.06","0.68","-1.16","0.00","0.20","0.3016","0.0000","0.2287"
"WEP","12 Oct 2018","19","128.36","128.22","0.49","-1.09","0.00","0.20","0.3016","0.0000","0.2287"
"WEP","12 Oct 2018","20","115.42","116.25","0.19","-1.75","0.00","0.20","0.3016","0.0000","0.2287"
"WEP","12 Oct 2018","21","305.04","303.22","3.52","-2.44","0.00","0.20","0.3016","0.0000","0.2287"
"WEP","12 Oct 2018","22","306.07","305.03","3.30","-2.99","0.00","0.20","0.3016","0.0000","0.2287"
"WEP","12 Oct 2018","23","305.47","305.02","3.26","-3.54","0.00","0.20","0.3016","0.0000","0.2287"
"WEP","12 Oct 2018","24","164.00","164.49","0.85","-2.07","0.00","0.20","0.3016","0.0000","0.2287"
"WEP","12 Oct 2018","25","144.65","144.95","0.55","-1.58","0.00","0.20","0.3016","0.0000","0.2287"
"WEP","12 Oct 2018","26","163.70","163.68","0.86","-1.57","0.00","0.20","0.3016","0.0000","0.2287"
"WEP","12 Oct 2018","27","159.85","160.08","0.81","-1.77","0.00","0.20","0.3016","0.0000","0.2287"
"WEP","12 Oct 2018","28","159.09","159.19","0.81","-1.64","0.00","0.20","0.3016","0.0000","0.2287"
"WEP","12 Oct 2018","29","134.10","134.70","0.37","-1.70","0.00","0.20","0.3016","0.0000","0.2287"
"WEP","12 Oct 2018","30","129.56","130.12","0.29","-1.58","0.00","0.20","0.3016","0.0000","0.2287"
"WEP","12 Oct 2018","31","128.03","128.39","0.28","-1.37","0.00","0.20","0.3016","0.0000","0.2287"
"WEP","12 Oct 2018","32","127.63","128.29","0.26","-1.65","0.00","0.20","0.3016","0.0000","0.2287"
"WEP","12 Oct 2018","33","127.66","128.29","0.26","-1.62","0.00","0.20","0.3016","0.0000","0.2287"
"WEP","12 Oct 2018","34","123.34","124.17","0.21","-1.77","0.00","0.20","0.3016","0.0000","0.2287"
"WEP","12 Oct 2018","35","120.36","121.06","0.22","-1.65","0.00","0.20","0.3016","0.0000","0.2287"
"WEP","12 Oct 2018","36","127.05","127.89","0.42","-1.99","0.00","0.20","0.3016","0.0000","0.2287"
"WEP","12 Oct 2018","37","126.39","126.26","0.43","-1.03","0.00","0.20","0.3016","0.0000","0.2287"
"WEP","12 Oct 2018","38","127.00","126.93","0.43","-1.09","0.00","0.20","0.3016","0.0000","0.2287"
"WEP","12 Oct 2018","39","128.15","127.84","0.43","-0.85","0.00","0.20","0.3016","0.0000","0.2287"
"WEP","12 Oct 2018","40","128.06","127.89","0.40","-0.96","0.00","0.20","0.3016","0.0000","0.2287"
"WEP","12 Oct 2018","41","128.01","127.80","0.40","-0.92","0.00","0.20","0.3016","0.0000","0.2287"
"WEP","12 Oct 2018","42","133.43","133.34","0.56","-1.20","0.00","0.20","0.3016","0.0000","0.2287"
"WEP","12 Oct 2018","43","127.94","127.77","0.42","-0.98","0.00","0.20","0.3016","0.0000","0.2287"
"WEP","12 Oct 2018","44","123.31","122.92","0.36","-0.70","0.00","0.20","0.3016","0.0000","0.2287"
"WEP","12 Oct 2018","45","121.09","120.39","0.33","-0.36","0.00","0.20","0.3016","0.0000","0.2287"
"WEP","12 Oct 2018","46","110.74","109.65","0.23","0.13","0.00","0.20","0.3016","0.0000","0.2287"
"WEP","12 Oct 2018","47","107.04","106.18","0.24","-0.11","0.00","0.20","0.3016","0.0000","0.2287"
"WEP","12 Oct 2018","48","97.88","97.14","0.21","-0.20","0.00","0.20","0.3016","0.0000","0.2287"
"WEP","13 Oct 2018","1","105.62","104.73","0.19","-0.05","0.00","0.20","0.3016","0.0000","0.2463"
"WEP","13 Oct 2018","2","102.38","101.64","0.14","-0.14","0.00","0.20","0.3016","0.0000","0.2463"
"WEP","13 Oct 2018","3","102.49","101.62","0.21","-0.09","0.00","0.20","0.3016","0.0000","0.2463"
"WEP","13 Oct 2018","4","102.50","101.61","0.17","-0.03","0.00","0.20","0.3016","0.0000","0.2463"
"WEP","13 Oct 2018","5","101.69","100.80","0.29","-0.14","0.00","0.20","0.3016","0.0000","0.2463"
"WEP","13 Oct 2018","6","101.68","100.80","0.21","-0.08","0.00","0.20","0.3016","0.0000","0.2463"
"WEP","13 Oct 2018","7","101.59","100.71","0.17","-0.04","0.00","0.20","0.3016","0.0000","0.2463"
"WEP","13 Oct 2018","8","96.72","95.75","0.17","0.06","0.00","0.20","0.3016","0.0000","0.2463"
"WEP","13 Oct 2018","9","96.52","95.75","0.35","-0.33","0.00","0.20","0.3016","0.0000","0.2463"
"WEP","13 Oct 2018","10","96.55","95.74","0.34","-0.28","0.00","0.20","0.3016","0.0000","0.2463"
"WEP","13 Oct 2018","11","96.48","95.74","0.36","-0.37","0.00","0.20","0.3016","0.0000","0.2463"
"WEP","13 Oct 2018","12","101.93","100.71","0.37","0.11","0.00","0.20","0.3016","0.0000","0.2463"
"WEP","13 Oct 2018","13","101.77","100.73","0.48","-0.18","0.00","0.20","0.3016","0.0000","0.2463"
"WEP","13 Oct 2018","14","96.79","95.82","0.49","-0.27","0.00","0.20","0.3016","0.0000","0.2463"
"WEP","13 Oct 2018","15","101.61","100.86","0.53","-0.52","0.00","0.20","0.3016","0.0000","0.2463"
"WEP","13 Oct 2018","16","105.09","104.02","0.53","-0.21","0.00","0.20","0.3016","0.0000","0.2463"
"WEP","13 Oct 2018","17","107.12","106.79","0.45","-0.87","0.00","0.20","0.3016","0.0000","0.2463"
"WEP","13 Oct 2018","18","105.49","105.06","0.44","-0.76","0.00","0.20","0.3016","0.0000","0.2463"
"WEP","13 Oct 2018","19","108.01","107.35","0.82","-0.91","0.00","0.20","0.3016","0.0000","0.2463"
"WEP","13 Oct 2018","20","114.24","114.04","0.66","-1.21","0.00","0.20","0.3016","0.0000","0.2463"
"WEP","13 Oct 2018","21","120.41","120.30","0.72","-1.36","0.00","0.20","0.3016","0.0000","0.2463"
"WEP","13 Oct 2018","22","124.11","123.93","0.58","-1.15","0.00","0.20","0.3016","0.0000","0.2463"
"WEP","13 Oct 2018","23","124.55","123.95","0.58","-0.73","0.00","0.20","0.3016","0.0000","0.2463"
"WEP","13 Oct 2018","24","120.68","120.30","0.56","-0.93","0.00","0.20","0.3016","0.0000","0.2463"
"WEP","13 Oct 2018","25","114.48","114.22","0.38","-0.86","0.00","0.20","0.3016","0.0000","0.2463"
"WEP","13 Oct 2018","26","109.57","109.11","0.54","-0.83","0.00","0.20","0.3016","0.0000","0.2463"
"WEP","13 Oct 2018","27","107.87","107.42","0.38","-0.68","0.00","0.20","0.3016","0.0000","0.2463"
"WEP","13 Oct 2018","28","107.17","106.80","0.39","-0.77","0.00","0.20","0.3016","0.0000","0.2463"
"WEP","13 Oct 2018","29","107.03","106.77","0.39","-0.88","0.00","0.20","0.3016","0.0000","0.2463"
"WEP","13 Oct 2018","30","106.60","106.40","0.49","-1.04","0.00","0.20","0.3016","0.0000","0.2463"
"WEP","13 Oct 2018","31","106.54","106.30","0.38","-0.88","0.00","0.20","0.3016","0.0000","0.2463"
"WEP","13 Oct 2018","32","106.19","106.30","0.19","-1.05","0.00","0.20","0.3016","0.0000","0.2463"
"WEP","13 Oct 2018","33","105.90","106.12","0.19","-1.16","0.00","0.20","0.3016","0.0000","0.2463"
"WEP","13 Oct 2018","34","104.62","104.75","0.21","-1.08","0.00","0.20","0.3016","0.0000","0.2463"
"WEP","13 Oct 2018","35","104.33","104.63","0.26","-1.31","0.00","0.20","0.3016","0.0000","0.2463"
"WEP","13 Oct 2018","36","104.56","104.53","0.38","-1.10","0.00","0.20","0.3016","0.0000","0.2463"
"WEP","13 Oct 2018","37","104.61","104.57","0.37","-1.08","0.00","0.20","0.3016","0.0000","0.2463"
"WEP","13 Oct 2018","38","106.71","106.79","0.30","-1.13","0.00","0.20","0.3016","0.0000","0.2463"
"WEP","13 Oct 2018","39","110.03","109.80","0.33","-0.85","0.00","0.20","0.3016","0.0000","0.2463"
"WEP","13 Oct 2018","40","110.75","110.69","0.22","-0.90","0.00","0.20","0.3016","0.0000","0.2463"
"WEP","13 Oct 2018","41","108.52","108.42","0.26","-0.91","0.00","0.20","0.3016","0.0000","0.2463"
"WEP","13 Oct 2018","42","109.64","109.66","0.25","-1.02","0.00","0.20","0.3016","0.0000","0.2463"
"WEP","13 Oct 2018","43","109.41","109.27","0.26","-0.87","0.00","0.20","0.3016","0.0000","0.2463"
"WEP","13 Oct 2018","44","106.83","106.76","0.21","-0.88","0.00","0.20","0.3016","0.0000","0.2463"
"WEP","13 Oct 2018","45","103.33","102.75","0.27","-0.43","0.00","0.20","0.3016","0.0000","0.2463"
"WEP","13 Oct 2018","46","105.49","104.86","0.37","-0.49","0.00","0.20","0.3016","0.0000","0.2463"
"WEP","13 Oct 2018","47","102.76","101.67","0.38","-0.04","0.00","0.20","0.3016","0.0000","0.2463"
"WEP","13 Oct 2018","48","102.53","101.62","0.25","-0.09","0.00","0.20","0.3016","0.0000","0.2463"
"WEP","14 Oct 2018","1","101.86","100.90","0.24","-0.04","0.00","0.20","0.3016","0.0000","0.2575"
"WEP","14 Oct 2018","2","98.48","97.89","0.18","-0.35","0.00","0.20","0.3016","0.0000","0.2575"
"WEP","14 Oct 2018","3","100.81","100.22","0.17","-0.34","0.00","0.20","0.3016","0.0000","0.2575"
"WEP","14 Oct 2018","4","97.03","96.66","0.14","-0.53","0.00","0.20","0.3016","0.0000","0.2575"
"WEP","14 Oct 2018","5","97.84","97.55","0.18","-0.65","0.00","0.20","0.3016","0.0000","0.2575"
"WEP","14 Oct 2018","6","96.15","95.78","0.18","-0.57","0.00","0.20","0.3016","0.0000","0.2575"
"WEP","14 Oct 2018","7","96.11","95.66","0.07","-0.38","0.00","0.20","0.3016","0.0000","0.2575"
"WEP","14 Oct 2018","8","96.01","95.77","0.07","-0.59","0.00","0.20","0.3016","0.0000","0.2575"
"WEP","14 Oct 2018","9","100.56","100.54","0.04","-0.78","0.00","0.20","0.3016","0.0000","0.2575"
"WEP","14 Oct 2018","10","96.15","95.76","0.04","-0.41","0.00","0.20","0.3016","0.0000","0.2575"
"WEP","14 Oct 2018","11","95.97","95.76","0.07","-0.62","0.00","0.20","0.3016","0.0000","0.2575"
"WEP","14 Oct 2018","12","96.63","95.76","0.34","-0.23","0.00","0.20","0.3016","0.0000","0.2575"
"WEP","14 Oct 2018","13","101.13","100.27","0.50","-0.39","0.00","0.20","0.3016","0.0000","0.2575"
"WEP","14 Oct 2018","14","101.01","100.55","0.51","-0.81","0.00","0.20","0.3016","0.0000","0.2575"
"WEP","14 Oct 2018","15","101.11","100.38","0.69","-0.72","0.00","0.20","0.3016","0.0000","0.2575"
"WEP","14 Oct 2018","16","98.75","97.84","0.80","-0.64","0.00","0.20","0.3016","0.0000","0.2575"
"WEP","14 Oct 2018","17","101.50","100.76","0.79","-0.81","0.00","0.20","0.3016","0.0000","0.2575"
"WEP","14 Oct 2018","18","101.67","100.86","0.78","-0.73","0.00","0.20","0.3016","0.0000","0.2575"
"WEP","14 Oct 2018","19","104.65","103.91","0.49","-0.51","0.00","0.20","0.3016","0.0000","0.2575"
"WEP","14 Oct 2018","20","106.28","105.98","0.44","-0.90","0.00","0.20","0.3016","0.0000","0.2575"
"WEP","14 Oct 2018","21","107.12","106.81","0.36","-0.81","0.00","0.20","0.3016","0.0000","0.2575"
"WEP","14 Oct 2018","22","101.55","101.36","0.27","-0.84","0.00","0.20","0.3016","0.0000","0.2575"
"WEP","14 Oct 2018","23","106.43","106.31","0.25","-0.89","0.00","0.20","0.3016","0.0000","0.2575"
"WEP","14 Oct 2018","24","105.53","105.43","0.24","-0.90","0.00","0.20","0.3016","0.0000","0.2575"
"WEP","14 Oct 2018","25","104.53","104.33","0.20","-0.76","0.00","0.20","0.3016","0.0000","0.2575"
"WEP","14 Oct 2018","26","104.74","104.43","0.20","-0.65","0.00","0.20","0.3016","0.0000","0.2575"
"WEP","14 Oct 2018","27","101.09","100.85","0.20","-0.72","0.00","0.20","0.3016","0.0000","0.2575"
"WEP","14 Oct 2018","28","101.11","100.86","0.21","-0.72","0.00","0.20","0.3016","0.0000","0.2575"
"WEP","14 Oct 2018","29","101.15","100.85","0.21","-0.67","0.00","0.20","0.3016","0.0000","0.2575"
"WEP","14 Oct 2018","30","101.28","100.86","0.20","-0.54","0.00","0.20","0.3016","0.0000","0.2575"
"WEP","14 Oct 2018","31","101.25","100.85","0.20","-0.56","0.00","0.20","0.3016","0.0000","0.2575"
"WEP","14 Oct 2018","32","101.16","100.86","0.20","-0.66","0.00","0.20","0.3016","0.0000","0.2575"
"WEP","14 Oct 2018","33","101.11","100.85","0.25","-0.75","0.00","0.20","0.3016","0.0000","0.2575"
"WEP","14 Oct 2018","34","101.02","100.86","0.28","-0.88","0.00","0.20","0.3016","0.0000","0.2575"
"WEP","14 Oct 2018","35","102.97","102.55","0.37","-0.71","0.00","0.20","0.3016","0.0000","0.2575"
"WEP","14 Oct 2018","36","102.34","102.00","0.50","-0.92","0.00","0.20","0.3016","0.0000","0.2575"
"WEP","14 Oct 2018","37","103.87","103.58","0.49","-0.96","0.00","0.20","0.3016","0.0000","0.2575"
"WEP","14 Oct 2018","38","105.95","105.97","0.48","-1.26","0.00","0.20","0.3016","0.0000","0.2575"
"WEP","14 Oct 2018","39","106.95","106.85","0.47","-1.13","0.00","0.20","0.3016","0.0000","0.2575"
"WEP","14 Oct 2018","40","110.35","110.00","0.44","-0.85","0.00","0.20","0.3016","0.0000","0.2575"
"WEP","14 Oct 2018","41","111.08","110.62","0.35","-0.65","0.00","0.20","0.3016","0.0000","0.2575"
"WEP","14 Oct 2018","42","111.17","110.62","0.34","-0.55","0.00","0.20","0.3016","0.0000","0.2575"
"WEP","14 Oct 2018","43","111.20","111.01","0.41","-0.98","0.00","0.20","0.3016","0.0000","0.2575"
"WEP","14 Oct 2018","44","111.30","111.02","0.40","-0.88","0.00","0.20","0.3016","0.0000","0.2575"
"WEP","14 Oct 2018","45","107.85","106.90","0.43","-0.24","0.00","0.20","0.3016","0.0000","0.2575"
"WEP","14 Oct 2018","46","103.44","102.54","0.28","-0.14","0.00","0.20","0.3016","0.0000","0.2575"
"WEP","14 Oct 2018","47","108.17","107.43","0.29","-0.31","0.00","0.20","0.3016","0.0000","0.2575"
"WEP","14 Oct 2018","48","106.59","105.96","0.22","-0.35","0.00","0.20","0.3016","0.0000","0.2575"
"WEP","15 Oct 2018","1","102.89","101.98","0.41","-0.23","0.00","0.20","0.3016","0.0000","0.2266"
"WEP","15 Oct 2018","2","101.91","100.42","0.24","0.52","0.00","0.20","0.3016","0.0000","0.2266"
"WEP","15 Oct 2018","3","94.64","93.41","0.34","0.16","0.00","0.20","0.3016","0.0000","0.2266"
"WEP","15 Oct 2018","4","91.71","90.63","0.34","0.01","0.00","0.20","0.3016","0.0000","0.2266"
"WEP","15 Oct 2018","5","91.64","90.56","0.36","-0.01","0.00","0.20","0.3016","0.0000","0.2266"
"WEP","15 Oct 2018","6","91.58","90.61","0.04","0.20","0.00","0.20","0.3016","0.0000","0.2266"
"WEP","15 Oct 2018","7","91.67","90.51","0.34","0.09","0.00","0.20","0.3016","0.0000","0.2266"
"WEP","15 Oct 2018","8","91.78","90.50","0.34","0.22","0.00","0.20","0.3016","0.0000","0.2266"
"WEP","15 Oct 2018","9","91.71","90.50","0.34","0.14","0.00","0.20","0.3016","0.0000","0.2266"
"WEP","15 Oct 2018","10","91.76","90.51","0.34","0.18","0.00","0.20","0.3016","0.0000","0.2266"
"WEP","15 Oct 2018","11","91.81","90.72","0.35","0.01","0.00","0.20","0.3016","0.0000","0.2266"
"WEP","15 Oct 2018","12","95.75","94.40","0.40","0.22","0.00","0.20","0.3016","0.0000","0.2266"
"WEP","15 Oct 2018","13","102.19","100.76","0.45","0.25","0.00","0.20","0.3016","0.0000","0.2266"
"WEP","15 Oct 2018","14","105.08","104.59","0.28","-0.52","0.00","0.20","0.3016","0.0000","0.2266"
"WEP","15 Oct 2018","15","100.91","100.92","0.39","-1.13","0.00","0.20","0.3016","0.0000","0.2266"
"WEP","15 Oct 2018","16","103.60","103.23","0.39","-0.75","0.00","0.20","0.3016","0.0000","0.2266"
"WEP","15 Oct 2018","17","111.11","111.12","0.30","-1.04","0.00","0.20","0.3016","0.0000","0.2266"
"WEP","15 Oct 2018","18","111.33","111.08","0.29","-0.76","0.00","0.20","0.3016","0.0000","0.2266"
"WEP","15 Oct 2018","19","113.09","113.06","0.25","-0.95","0.00","0.20","0.3016","0.0000","0.2266"
"WEP","15 Oct 2018","20","116.24","116.23","0.20","-0.91","0.00","0.20","0.3016","0.0000","0.2266"
"WEP","15 Oct 2018","21","119.53","119.90","0.19","-1.29","0.00","0.20","0.3016","0.0000","0.2266"
"WEP","15 Oct 2018","22","122.64","123.04","0.21","-1.34","0.00","0.20","0.3016","0.0000","0.2266"
"WEP","15 Oct 2018","23","123.71","123.93","0.22","-1.17","0.00","0.20","0.3016","0.0000","0.2266"
"WEP","15 Oct 2018","24","119.64","119.90","0.17","-1.16","0.00","0.20","0.3016","0.0000","0.2266"
"WEP","15 Oct 2018","25","118.89","119.16","0.13","-1.13","0.00","0.20","0.3016","0.0000","0.2266"
"WEP","15 Oct 2018","26","119.60","119.90","0.17","-1.20","0.00","0.20","0.3016","0.0000","0.2266"
"WEP","15 Oct 2018","27","122.64","123.06","0.19","-1.34","0.00","0.20","0.3016","0.0000","0.2266"
"WEP","15 Oct 2018","28","124.34","124.44","0.22","-1.05","0.00","0.20","0.3016","0.0000","0.2266"
"WEP","15 Oct 2018","29","123.78","124.08","0.21","-1.23","0.00","0.20","0.3016","0.0000","0.2266"
"WEP","15 Oct 2018","30","122.66","123.05","0.20","-1.32","0.00","0.20","0.3016","0.0000","0.2266"
"WEP","15 Oct 2018","31","123.70","124.07","0.21","-1.31","0.00","0.20","0.3016","0.0000","0.2266"
"WEP","15 Oct 2018","32","122.66","123.40","0.20","-1.66","0.00","0.20","0.3016","0.0000","0.2266"
"WEP","15 Oct 2018","33","122.54","123.05","0.20","-1.43","0.00","0.20","0.3016","0.0000","0.2266"
"WEP","15 Oct 2018","34","120.28","121.31","0.18","-1.94","0.00","0.20","0.3016","0.0000","0.2266"
"WEP","15 Oct 2018","35","118.42","119.08","0.63","-2.01","0.00","0.20","0.3016","0.0000","0.2266"
"WEP","15 Oct 2018","36","111.19","111.56","0.69","-1.79","0.00","0.20","0.3016","0.0000","0.2266"
"WEP","15 Oct 2018","37","111.78","111.83","0.70","-1.48","0.00","0.20","0.3016","0.0000","0.2266"
"WEP","15 Oct 2018","38","113.74","113.50","0.69","-1.17","0.00","0.20","0.3016","0.0000","0.2266"
"WEP","15 Oct 2018","39","116.79","116.28","0.63","-0.85","0.00","0.20","0.3016","0.0000","0.2266"
"WEP","15 Oct 2018","40","116.55","116.40","0.50","-1.08","0.00","0.20","0.3016","0.0000","0.2266"
"WEP","15 Oct 2018","41","111.84","111.96","0.20","-1.05","0.00","0.20","0.3016","0.0000","0.2266"
"WEP","15 Oct 2018","42","122.66","123.08","0.39","-1.54","0.00","0.20","0.3016","0.0000","0.2266"
"WEP","15 Oct 2018","43","119.69","119.58","0.50","-1.12","0.00","0.20","0.3016","0.0000","0.2266"
"WEP","15 Oct 2018","44","111.45","111.19","0.49","-0.96","0.00","0.20","0.3016","0.0000","0.2266"
"WEP","15 Oct 2018","45","111.66","111.09","0.52","-0.68","0.00","0.20","0.3016","0.0000","0.2266"
"WEP","15 Oct 2018","46","110.95","110.23","0.41","-0.42","0.00","0.20","0.3016","0.0000","0.2266"
"WEP","15 Oct 2018","47","110.21","109.40","0.42","-0.34","0.00","0.20","0.3016","0.0000","0.2266"
"WEP","15 Oct 2018","48","101.70","100.96","0.41","-0.40","0.00","0.20","0.3016","0.0000","0.2266"
"WEP","16 Oct 2018","1","101.94","101.19","0.38","-0.35","0.00","0.20","0.3016","0.0000","0.2231"
"WEP","16 Oct 2018","2","96.41","95.86","0.35","-0.52","0.00","0.20","0.3016","0.0000","0.2231"
"WEP","16 Oct 2018","3","96.25","95.89","0.17","-0.54","0.00","0.20","0.3016","0.0000","0.2231"
"WEP","16 Oct 2018","4","96.63","95.79","0.17","-0.06","0.00","0.20","0.3016","0.0000","0.2231"
"WEP","16 Oct 2018","5","94.56","93.85","0.18","-0.19","0.00","0.20","0.3016","0.0000","0.2231"
"WEP","16 Oct 2018","6","91.52","90.64","0.35","-0.20","0.00","0.20","0.3016","0.0000","0.2231"
"WEP","16 Oct 2018","7","91.59","90.74","0.34","-0.21","0.00","0.20","0.3016","0.0000","0.2231"
"WEP","16 Oct 2018","8","91.34","90.57","0.34","-0.29","0.00","0.20","0.3016","0.0000","0.2231"
"WEP","16 Oct 2018","9","91.26","90.57","0.34","-0.38","0.00","0.20","0.3016","0.0000","0.2231"
"WEP","16 Oct 2018","10","91.31","90.61","0.34","-0.36","0.00","0.20","0.3016","0.0000","0.2231"
"WEP","16 Oct 2018","11","91.87","90.99","0.35","-0.20","0.00","0.20","0.3016","0.0000","0.2231"
"WEP","16 Oct 2018","12","96.52","95.79","0.32","-0.31","0.00","0.20","0.3016","0.0000","0.2231"
"WEP","16 Oct 2018","13","102.40","101.07","0.79","-0.18","0.00","0.20","0.3016","0.0000","0.2231"
"WEP","16 Oct 2018","14","105.49","105.02","0.79","-1.04","0.00","0.20","0.3016","0.0000","0.2231"
"WEP","16 Oct 2018","15","99.29","98.04","1.20","-0.68","0.00","0.20","0.3016","0.0000","0.2231"
"WEP","16 Oct 2018","16","105.24","104.88","0.47","-0.83","0.00","0.20","0.3016","0.0000","0.2231"
"WEP","16 Oct 2018","17","109.78","109.84","0.40","-1.18","0.00","0.20","0.3016","0.0000","0.2231"
"WEP","16 Oct 2018","18","119.16","119.23","0.44","-1.24","0.00","0.20","0.3016","0.0000","0.2231"
"WEP","16 Oct 2018","19","123.32","123.03","0.62","-1.05","0.00","0.20","0.3016","0.0000","0.2231"
"WEP","16 Oct 2018","20","123.25","123.04","0.58","-1.09","0.00","0.20","0.3016","0.0000","0.2231"
"WEP","16 Oct 2018","21","123.64","124.08","0.32","-1.48","0.00","0.20","0.3016","0.0000","0.2231"
"WEP","16 Oct 2018","22","124.79","125.14","0.30","-1.37","0.00","0.20","0.3016","0.0000","0.2231"
"WEP","16 Oct 2018","23","127.26","127.74","0.34","-1.55","0.00","0.20","0.3016","0.0000","0.2231"
"WEP","16 Oct 2018","24","120.16","120.79","0.24","-1.59","0.00","0.20","0.3016","0.0000","0.2231"
"WEP","16 Oct 2018","25","118.08","118.53","0.21","-1.39","0.00","0.20","0.3016","0.0000","0.2231"
"WEP","16 Oct 2018","26","118.94","119.54","0.22","-1.54","0.00","0.20","0.3016","0.0000","0.2231"
"WEP","16 Oct 2018","27","122.87","123.69","0.29","-1.84","0.00","0.20","0.3016","0.0000","0.2231"
"WEP","16 Oct 2018","28","127.87","128.14","0.42","-1.41","0.00","0.20","0.3016","0.0000","0.2231"
"WEP","16 Oct 2018","29","128.05","128.14","0.42","-1.24","0.00","0.20","0.3016","0.0000","0.2231"
"WEP","16 Oct 2018","30","126.28","126.12","0.33","-0.89","0.00","0.20","0.3016","0.0000","0.2231"
"WEP","16 Oct 2018","31","123.83","123.69","0.29","-0.87","0.00","0.20","0.3016","0.0000","0.2231"
"WEP","16 Oct 2018","32","121.15","120.79","0.26","-0.62","0.00","0.20","0.3016","0.0000","0.2231"
"WEP","16 Oct 2018","33","120.22","120.29","0.29","-1.08","0.00","0.20","0.3016","0.0000","0.2231"
"WEP","16 Oct 2018","34","115.10","115.48","0.22","-1.32","0.00","0.20","0.3016","0.0000","0.2231"
"WEP","16 Oct 2018","35","110.73","111.04","0.58","-1.61","0.00","0.20","0.3016","0.0000","0.2231"
"WEP","16 Oct 2018","36","107.23","106.88","0.94","-1.31","0.00","0.20","0.3016","0.0000","0.2231"
"WEP","16 Oct 2018","37","107.51","106.79","0.96","-0.97","0.00","0.20","0.3016","0.0000","0.2231"
"WEP","16 Oct 2018","38","109.28","108.65","0.95","-1.04","0.00","0.20","0.3016","0.0000","0.2231"
"WEP","16 Oct 2018","39","109.54","108.97","0.95","-1.11","0.00","0.20","0.3016","0.0000","0.2231"
"WEP","16 Oct 2018","40","110.36","109.99","0.59","-0.94","0.00","0.20","0.3016","0.0000","0.2231"
"WEP","16 Oct 2018","41","107.61","107.30","0.56","-0.98","0.00","0.20","0.3016","0.0000","0.2231"
"WEP","16 Oct 2018","42","111.03","111.40","0.39","-1.48","0.00","0.20","0.3016","0.0000","0.2231"
"WEP","16 Oct 2018","43","107.07","106.72","0.70","-1.08","0.00","0.20","0.3016","0.0000","0.2231"
"WEP","16 Oct 2018","44","102.52","102.18","0.60","-0.99","0.00","0.20","0.3016","0.0000","0.2231"
"WEP","16 Oct 2018","45","104.77","103.99","0.73","-0.67","0.00","0.20","0.3016","0.0000","0.2231"
"WEP","16 Oct 2018","46","101.40","100.67","0.61","-0.60","0.00","0.20","0.3016","0.0000","0.2231"
"WEP","16 Oct 2018","47","102.23","101.26","0.63","-0.38","0.00","0.20","0.3016","0.0000","0.2231"
"WEP","16 Oct 2018","48","96.17","95.09","0.62","-0.27","0.00","0.20","0.3016","0.0000","0.2231"
"WEP","17 Oct 2018","1","111.11","109.96","0.40","0.02","0.00","0.20","0.3016","0.0000","0.2250"
"WEP","17 Oct 2018","2","108.19","106.96","0.36","0.14","0.00","0.20","0.3016","0.0000","0.2250"
"WEP","17 Oct 2018","3","106.29","105.29","0.27","0.00","0.00","0.20","0.3016","0.0000","0.2250"
"WEP","17 Oct 2018","4","103.53","102.58","0.26","-0.04","0.00","0.20","0.3016","0.0000","0.2250"
"WEP","17 Oct 2018","5","103.37","102.41","0.29","-0.05","0.00","0.20","0.3016","0.0000","0.2250"
"WEP","17 Oct 2018","6","100.85","99.92","0.26","-0.05","0.00","0.20","0.3016","0.0000","0.2250"
"WEP","17 Oct 2018","7","99.84","98.79","0.21","0.11","0.00","0.20","0.3016","0.0000","0.2250"
"WEP","17 Oct 2018","8","99.64","98.79","0.21","-0.09","0.00","0.20","0.3016","0.0000","0.2250"
"WEP","17 Oct 2018","9","99.70","98.79","0.21","-0.03","0.00","0.20","0.3016","0.0000","0.2250"
"WEP","17 Oct 2018","10","99.57","98.79","0.20","-0.14","0.00","0.20","0.3016","0.0000","0.2250"
"WEP","17 Oct 2018","11","101.60","100.81","0.26","-0.20","0.00","0.20","0.3016","0.0000","0.2250"
"WEP","17 Oct 2018","12","104.99","104.12","0.41","-0.27","0.00","0.20","0.3016","0.0000","0.2250"
"WEP","17 Oct 2018","13","108.23","107.36","0.69","-0.55","0.00","0.20","0.3016","0.0000","0.2250"
"WEP","17 Oct 2018","14","110.40","109.85","0.69","-0.87","0.00","0.20","0.3016","0.0000","0.2250"
"WEP","17 Oct 2018","15","101.40","99.97","1.08","-0.38","0.00","0.20","0.3016","0.0000","0.2250"
"WEP","17 Oct 2018","16","105.63","104.27","1.15","-0.52","0.00","0.20","0.3016","0.0000","0.2250"
"WEP","17 Oct 2018","17","119.96","118.21","1.70","-0.68","0.00","0.20","0.3016","0.0000","0.2250"
"WEP","17 Oct 2018","18","124.40","122.98","1.10","-0.40","0.00","0.20","0.3016","0.0000","0.2250"
"WEP","17 Oct 2018","19","118.19","117.34","0.78","-0.66","0.00","0.20","0.3016","0.0000","0.2250"
"WEP","17 Oct 2018","20","119.10","118.26","0.59","-0.48","0.00","0.20","0.3016","0.0000","0.2250"
"WEP","17 Oct 2018","21","123.72","123.05","0.56","-0.62","0.00","0.20","0.3016","0.0000","0.2250"
"WEP","17 Oct 2018","22","124.73","124.08","0.35","-0.43","0.00","0.20","0.3016","0.0000","0.2250"
"WEP","17 Oct 2018","23","124.39","124.09","0.35","-0.78","0.00","0.20","0.3016","0.0000","0.2250"
"WEP","17 Oct 2018","24","120.09","120.36","0.29","-1.29","0.00","0.20","0.3016","0.0000","0.2250"
"WEP","17 Oct 2018","25","117.77","117.88","0.27","-1.10","0.00","0.20","0.3016","0.0000","0.2250"
"WEP","17 Oct 2018","26","118.38","118.28","0.26","-0.89","0.00","0.20","0.3016","0.0000","0.2250"
"WEP","17 Oct 2018","27","123.42","123.25","0.30","-0.86","0.00","0.20","0.3016","0.0000","0.2250"
"WEP","17 Oct 2018","28","124.60","124.09","0.31","-0.53","0.00","0.20","0.3016","0.0000","0.2250"
"WEP","17 Oct 2018","29","125.46","124.09","0.31","0.33","0.00","0.20","0.3016","0.0000","0.2250"
"WEP","17 Oct 2018","30","121.66","120.97","0.30","-0.34","0.00","0.20","0.3016","0.0000","0.2250"
"WEP","17 Oct 2018","31","118.22","117.87","0.25","-0.62","0.00","0.20","0.3016","0.0000","0.2250"
"WEP","17 Oct 2018","32","117.21","117.36","0.25","-1.13","0.00","0.20","0.3016","0.0000","0.2250"
"WEP","17 Oct 2018","33","116.38","116.78","0.28","-1.41","0.00","0.20","0.3016","0.0000","0.2250"
"WEP","17 Oct 2018","34","115.50","116.04","0.34","-1.60","0.00","0.20","0.3016","0.0000","0.2250"
"WEP","17 Oct 2018","35","110.91","111.24","0.39","-1.45","0.00","0.20","0.3016","0.0000","0.2250"
"WEP","17 Oct 2018","36","105.50","105.88","0.44","-1.54","0.00","0.20","0.3016","0.0000","0.2250"
"WEP","17 Oct 2018","37","106.14","106.15","0.43","-1.17","0.00","0.20","0.3016","0.0000","0.2250"
"WEP","17 Oct 2018","38","108.12","108.13","0.43","-1.17","0.00","0.20","0.3016","0.0000","0.2250"
"WEP","17 Oct 2018","39","110.17","110.03","0.42","-1.01","0.00","0.20","0.3016","0.0000","0.2250"
"WEP","17 Oct 2018","40","108.68","108.73","0.32","-1.10","0.00","0.20","0.3016","0.0000","0.2250"
"WEP","17 Oct 2018","41","105.77","105.87","0.40","-1.22","0.00","0.20","0.3016","0.0000","0.2250"
"WEP","17 Oct 2018","42","108.74","109.17","0.40","-1.56","0.00","0.20","0.3016","0.0000","0.2250"
"WEP","17 Oct 2018","43","105.96","105.82","0.40","-0.99","0.00","0.20","0.3016","0.0000","0.2250"
"WEP","17 Oct 2018","44","101.66","101.57","0.40","-1.04","0.00","0.20","0.3016","0.0000","0.2250"
"WEP","17 Oct 2018","45","101.96","101.35","0.42","-0.54","0.00","0.20","0.3016","0.0000","0.2250"
"WEP","17 Oct 2018","46","98.99","98.59","0.33","-0.66","0.00","0.20","0.3016","0.0000","0.2250"
"WEP","17 Oct 2018","47","101.50","101.15","0.34","-0.72","0.00","0.20","0.3016","0.0000","0.2250"
"WEP","17 Oct 2018","48","96.08","95.73","0.31","-0.68","0.00","0.20","0.3016","0.0000","0.2250"
"WEP","18 Oct 2018","1","111.41","110.37","0.19","0.12","0.00","0.20","0.3016","0.0000","0.2284"
"WEP","18 Oct 2018","2","111.82","110.35","0.35","0.39","0.00","0.20","0.3016","0.0000","0.2284"
"WEP","18 Oct 2018","3","107.21","105.79","0.27","0.42","0.00","0.20","0.3016","0.0000","0.2284"
"WEP","18 Oct 2018","4","105.98","104.98","0.20","0.07","0.00","0.20","0.3016","0.0000","0.2284"
"WEP","18 Oct 2018","5","103.83","102.37","0.31","0.42","0.00","0.20","0.3016","0.0000","0.2284"
"WEP","18 Oct 2018","6","103.78","102.23","0.28","0.54","0.00","0.20","0.3016","0.0000","0.2284"
"WEP","18 Oct 2018","7","100.29","98.86","0.21","0.49","0.00","0.20","0.3016","0.0000","0.2284"
"WEP","18 Oct 2018","8","95.98","94.69","0.21","0.35","0.00","0.20","0.3016","0.0000","0.2284"
"WEP","18 Oct 2018","9","96.24","94.69","0.35","0.48","0.00","0.20","0.3016","0.0000","0.2284"
"WEP","18 Oct 2018","10","96.17","94.69","0.35","0.40","0.00","0.20","0.3016","0.0000","0.2284"
"WEP","18 Oct 2018","11","100.27","98.86","0.36","0.32","0.00","0.20","0.3016","0.0000","0.2284"
"WEP","18 Oct 2018","12","103.71","102.37","0.25","0.36","0.00","0.20","0.3016","0.0000","0.2284"
"WEP","18 Oct 2018","13","106.63","105.26","0.23","0.41","0.00","0.20","0.3016","0.0000","0.2284"
"WEP","18 Oct 2018","14","107.82","107.55","0.28","-0.74","0.00","0.20","0.3016","0.0000","0.2284"
"WEP","18 Oct 2018","15","98.80","98.29","0.39","-0.61","0.00","0.20","0.3016","0.0000","0.2284"
"WEP","18 Oct 2018","16","103.24","102.79","0.38","-0.66","0.00","0.20","0.3016","0.0000","0.2284"
"WEP","18 Oct 2018","17","112.37","111.55","0.57","-0.48","0.00","0.20","0.3016","0.0000","0.2284"
"WEP","18 Oct 2018","18","120.90","120.16","0.43","-0.42","0.00","0.20","0.3016","0.0000","0.2284"
"WEP","18 Oct 2018","19","111.63","110.92","0.29","-0.31","0.00","0.20","0.3016","0.0000","0.2284"
"WEP","18 Oct 2018","20","112.19","111.47","0.24","-0.25","0.00","0.20","0.3016","0.0000","0.2284"
"WEP","18 Oct 2018","21","117.53","117.13","0.23","-0.56","0.00","0.20","0.3016","0.0000","0.2284"
"WEP","18 Oct 2018","22","120.57","120.25","0.23","-0.64","0.00","0.20","0.3016","0.0000","0.2284"
"WEP","18 Oct 2018","23","115.10","114.79","0.18","-0.60","0.00","0.20","0.3016","0.0000","0.2284"
"WEP","18 Oct 2018","24","109.97","109.65","0.17","-0.58","0.00","0.20","0.3016","0.0000","0.2284"
"WEP","18 Oct 2018","25","106.92","106.76","0.17","-0.74","0.00","0.20","0.3016","0.0000","0.2284"
"WEP","18 Oct 2018","26","110.34","110.48","0.17","-1.04","0.00","0.20","0.3016","0.0000","0.2284"
"WEP","18 Oct 2018","27","111.59","111.86","0.17","-1.17","0.00","0.20","0.3016","0.0000","0.2284"
"WEP","18 Oct 2018","28","116.02","115.93","0.17","-0.81","0.00","0.20","0.3016","0.0000","0.2284"
"WEP","18 Oct 2018","29","116.03","116.02","0.17","-0.89","0.00","0.20","0.3016","0.0000","0.2284"
"WEP","18 Oct 2018","30","113.60","113.58","0.17","-0.88","0.00","0.20","0.3016","0.0000","0.2284"
"WEP","18 Oct 2018","31","116.26","116.07","0.17","-0.71","0.00","0.20","0.3016","0.0000","0.2284"
"WEP","18 Oct 2018","32","116.11","116.01","0.17","-0.80","0.00","0.20","0.3016","0.0000","0.2284"
"WEP","18 Oct 2018","33","112.73","112.67","0.18","-0.85","0.00","0.20","0.3016","0.0000","0.2284"
"WEP","18 Oct 2018","34","107.90","107.87","0.20","-0.90","0.00","0.20","0.3016","0.0000","0.2284"
"WEP","18 Oct 2018","35","106.58","106.69","0.20","-1.04","0.00","0.20","0.3016","0.0000","0.2284"
"WEP","18 Oct 2018","36","105.35","105.45","0.26","-1.09","0.00","0.20","0.3016","0.0000","0.2284"
"WEP","18 Oct 2018","37","105.30","105.14","0.26","-0.83","0.00","0.20","0.3016","0.0000","0.2284"
"WEP","18 Oct 2018","38","106.15","106.23","0.26","-1.07","0.00","0.20","0.3016","0.0000","0.2284"
"WEP","18 Oct 2018","39","106.79","106.75","0.26","-0.95","0.00","0.20","0.3016","0.0000","0.2284"
"WEP","18 Oct 2018","40","106.90","106.67","0.20","-0.70","0.00","0.20","0.3016","0.0000","0.2284"
"WEP","18 Oct 2018","41","107.98","107.87","0.22","-0.84","0.00","0.20","0.3016","0.0000","0.2284"
"WEP","18 Oct 2018","42","123.02","123.33","0.40","-1.44","0.00","0.20","0.3016","0.0000","0.2284"
"WEP","18 Oct 2018","43","117.03","116.73","0.40","-0.83","0.00","0.20","0.3016","0.0000","0.2284"
"WEP","18 Oct 2018","44","109.55","109.20","0.24","-0.62","0.00","0.20","0.3016","0.0000","0.2284"
"WEP","18 Oct 2018","45","107.96","107.20","0.26","-0.23","0.00","0.20","0.3016","0.0000","0.2284"
"WEP","18 Oct 2018","46","105.62","105.04","0.21","-0.36","0.00","0.20","0.3016","0.0000","0.2284"
"WEP","18 Oct 2018","47","103.01","102.48","0.21","-0.41","0.00","0.20","0.3016","0.0000","0.2284"
"WEP","18 Oct 2018","48","96.55","95.61","0.25","-0.04","0.00","0.20","0.3016","0.0000","0.2284"
"WEP","19 Oct 2018","1","109.17","107.51","0.95","-0.02","0.00","0.20","0.3016","0.0000","0.2254"
"WEP","19 Oct 2018","2","106.94","105.88","0.34","-0.01","0.00","0.20","0.3016","0.0000","0.2254"
"WEP","19 Oct 2018","3","104.51","103.67","0.33","-0.22","0.00","0.20","0.3016","0.0000","0.2254"
"WEP","19 Oct 2018","4","101.65","100.84","0.27","-0.18","0.00","0.20","0.3016","0.0000","0.2254"
"WEP","19 Oct 2018","5","102.01","100.81","0.29","0.18","0.00","0.20","0.3016","0.0000","0.2254"
"WEP","19 Oct 2018","6","98.73","97.84","0.21","-0.05","0.00","0.20","0.3016","0.0000","0.2254"
"WEP","19 Oct 2018","7","95.77","94.81","0.33","-0.10","0.00","0.20","0.3016","0.0000","0.2254"
"WEP","19 Oct 2018","8","95.61","94.68","0.33","-0.13","0.00","0.20","0.3016","0.0000","0.2254"
"WEP","19 Oct 2018","9","95.80","94.68","0.33","0.06","0.00","0.20","0.3016","0.0000","0.2254"
"WEP","19 Oct 2018","10","95.57","94.68","0.33","-0.16","0.00","0.20","0.3016","0.0000","0.2254"
"WEP","19 Oct 2018","11","99.05","97.82","0.34","0.16","0.00","0.20","0.3016","0.0000","0.2254"
"WEP","19 Oct 2018","12","100.72","99.50","0.52","-0.02","0.00","0.20","0.3016","0.0000","0.2254"
"WEP","19 Oct 2018","13","105.01","103.59","1.13","-0.44","0.00","0.20","0.3016","0.0000","0.2254"
"WEP","19 Oct 2018","14","107.20","106.46","0.70","-0.69","0.00","0.20","0.3016","0.0000","0.2254"
"WEP","19 Oct 2018","15","101.40","100.32","0.39","-0.03","0.00","0.20","0.3016","0.0000","0.2254"
"WEP","19 Oct 2018","16","105.35","104.70","0.38","-0.46","0.00","0.20","0.3016","0.0000","0.2254"
"WEP","19 Oct 2018","17","110.49","110.03","0.47","-0.74","0.00","0.20","0.3016","0.0000","0.2254"
"WEP","19 Oct 2018","18","116.21","115.93","0.34","-0.79","0.00","0.20","0.3016","0.0000","0.2254"
"WEP","19 Oct 2018","19","109.48","109.14","0.26","-0.65","0.00","0.20","0.3016","0.0000","0.2254"
"WEP","19 Oct 2018","20","111.55","111.34","0.24","-0.75","0.00","0.20","0.3016","0.0000","0.2254"
"WEP","19 Oct 2018","21","118.82","119.13","0.23","-1.27","0.00","0.20","0.3016","0.0000","0.2254"
"WEP","19 Oct 2018","22","120.51","120.73","0.23","-1.18","0.00","0.20","0.3016","0.0000","0.2254"
"WEP","19 Oct 2018","23","122.31","122.53","0.26","-1.21","0.00","0.20","0.3016","0.0000","0.2254"
"WEP","19 Oct 2018","24","119.29","119.46","0.20","-1.10","0.00","0.20","0.3016","0.0000","0.2254"
"WEP","19 Oct 2018","25","117.14","117.11","0.34","-1.03","0.00","0.20","0.3016","0.0000","0.2254"
"WEP","19 Oct 2018","26","117.76","117.55","0.47","-0.98","0.00","0.20","0.3016","0.0000","0.2254"
"WEP","19 Oct 2018","27","120.56","120.75","0.33","-1.24","0.00","0.20","0.3016","0.0000","0.2254"
"WEP","19 Oct 2018","28","122.30","122.54","0.26","-1.22","0.00","0.20","0.3016","0.0000","0.2254"
"WEP","19 Oct 2018","29","122.36","122.66","0.25","-1.27","0.00","0.20","0.3016","0.0000","0.2254"
"WEP","19 Oct 2018","30","122.55","122.54","0.25","-0.97","0.00","0.20","0.3016","0.0000","0.2254"
"WEP","19 Oct 2018","31","119.88","120.28","0.19","-1.31","0.00","0.20","0.3016","0.0000","0.2254"
"WEP","19 Oct 2018","32","120.36","120.74","0.20","-1.31","0.00","0.20","0.3016","0.0000","0.2254"
"WEP","19 Oct 2018","33","119.98","120.28","0.20","-1.23","0.00","0.20","0.3016","0.0000","0.2254"
"WEP","19 Oct 2018","34","117.13","117.32","0.22","-1.14","0.00","0.20","0.3016","0.0000","0.2254"
"WEP","19 Oct 2018","35","111.02","111.41","0.23","-1.35","0.00","0.20","0.3016","0.0000","0.2254"
"WEP","19 Oct 2018","36","105.35","105.79","0.25","-1.41","0.00","0.20","0.3016","0.0000","0.2254"
"WEP","19 Oct 2018","37","106.51","106.53","0.26","-1.01","0.00","0.20","0.3016","0.0000","0.2254"
"WEP","19 Oct 2018","38","108.09","107.53","0.43","-0.60","0.00","0.20","0.3016","0.0000","0.2254"
"WEP","19 Oct 2018","39","107.72","107.60","0.42","-1.03","0.00","0.20","0.3016","0.0000","0.2254"
"WEP","19 Oct 2018","40","106.30","106.24","0.60","-1.27","0.00","0.20","0.3016","0.0000","0.2254"
"WEP","19 Oct 2018","41","109.96","109.97","0.61","-1.35","0.00","0.20","0.3016","0.0000","0.2254"
"WEP","19 Oct 2018","42","120.83","122.10","0.35","-2.35","0.00","0.20","0.3016","0.0000","0.2254"
"WEP","19 Oct 2018","43","115.10","115.28","0.60","-1.51","0.00","0.20","0.3016","0.0000","0.2254"
"WEP","19 Oct 2018","44","107.72","107.82","0.60","-1.42","0.00","0.20","0.3016","0.0000","0.2254"
"WEP","19 Oct 2018","45","106.45","106.06","0.63","-0.97","0.00","0.20","0.3016","0.0000","0.2254"
"WEP","19 Oct 2018","46","106.40","105.96","0.61","-0.89","0.00","0.20","0.3016","0.0000","0.2254"
"WEP","19 Oct 2018","47","104.30","103.21","0.41","-0.05","0.00","0.20","0.3016","0.0000","0.2254"
"WEP","19 Oct 2018","48","99.24","98.49","0.40","-0.37","0.00","0.20","0.3016","0.0000","0.2254"
"WEP","20 Oct 2018","1","111.23","110.93","0.30","-0.73","0.00","0.20","0.3016","0.0000","0.2348"
"WEP","20 Oct 2018","2","108.82","107.98","0.22","-0.11","0.00","0.20","0.3016","0.0000","0.2348"
"WEP","20 Oct 2018","3","108.13","107.14","0.33","-0.07","0.00","0.20","0.3016","0.0000","0.2348"
"WEP","20 Oct 2018","4","107.02","105.91","0.33","0.04","0.00","0.20","0.3016","0.0000","0.2348"
"WEP","20 Oct 2018","5","106.71","105.90","0.28","-0.21","0.00","0.20","0.3016","0.0000","0.2348"
"WEP","20 Oct 2018","6","105.28","104.38","0.34","-0.17","0.00","0.20","0.3016","0.0000","0.2348"
"WEP","20 Oct 2018","7","104.89","104.36","0.34","-0.55","0.00","0.20","0.3016","0.0000","0.2348"
"WEP","20 Oct 2018","8","102.82","102.00","0.34","-0.26","0.00","0.20","0.3016","0.0000","0.2348"
"WEP","20 Oct 2018","9","101.96","100.82","0.34","0.06","0.00","0.20","0.3016","0.0000","0.2348"
"WEP","20 Oct 2018","10","101.96","100.82","0.34","0.06","0.00","0.20","0.3016","0.0000","0.2348"
"WEP","20 Oct 2018","11","101.77","100.82","0.35","-0.14","0.00","0.20","0.3016","0.0000","0.2348"
"WEP","20 Oct 2018","12","102.78","101.90","0.41","-0.27","0.00","0.20","0.3016","0.0000","0.2348"
"WEP","20 Oct 2018","13","103.91","103.55","0.47","-0.84","0.00","0.20","0.3016","0.0000","0.2348"
"WEP","20 Oct 2018","14","105.23","104.85","0.48","-0.83","0.00","0.20","0.3016","0.0000","0.2348"
"WEP","20 Oct 2018","15","103.19","102.55","0.52","-0.61","0.00","0.20","0.3016","0.0000","0.2348"
"WEP","20 Oct 2018","16","106.95","106.47","0.54","-0.79","0.00","0.20","0.3016","0.0000","0.2348"
"WEP","20 Oct 2018","17","115.74","115.63","0.52","-1.15","0.00","0.20","0.3016","0.0000","0.2348"
"WEP","20 Oct 2018","18","107.37","106.93","0.68","-0.97","0.00","0.20","0.3016","0.0000","0.2348"
"WEP","20 Oct 2018","19","111.53","111.16","0.50","-0.86","0.00","0.20","0.3016","0.0000","0.2348"
"WEP","20 Oct 2018","20","120.11","119.87","0.48","-0.98","0.00","0.20","0.3016","0.0000","0.2348"
"WEP","20 Oct 2018","21","138.41","138.10","0.79","-1.22","0.00","0.20","0.3016","0.0000","0.2348"
"WEP","20 Oct 2018","22","142.52","142.22","0.76","-1.19","0.00","0.20","0.3016","0.0000","0.2348"
"WEP","20 Oct 2018","23","140.06","139.87","0.73","-1.28","0.00","0.20","0.3016","0.0000","0.2348"
"WEP","20 Oct 2018","24","135.24","135.24","0.63","-1.37","0.00","0.20","0.3016","0.0000","0.2348"
"WEP","20 Oct 2018","25","119.48","119.46","0.37","-1.09","0.00","0.20","0.3016","0.0000","0.2348"
"WEP","20 Oct 2018","26","114.50","114.78","0.32","-1.34","0.00","0.20","0.3016","0.0000","0.2348"
"WEP","20 Oct 2018","27","112.28","112.28","0.31","-1.05","0.00","0.20","0.3016","0.0000","0.2348"
"WEP","20 Oct 2018","28","112.34","112.31","0.37","-1.08","0.00","0.20","0.3016","0.0000","0.2348"
"WEP","20 Oct 2018","29","110.56","110.66","0.32","-1.15","0.00","0.20","0.3016","0.0000","0.2348"
"WEP","20 Oct 2018","30","112.58","112.80","0.32","-1.27","0.00","0.20","0.3016","0.0000","0.2348"
"WEP","20 Oct 2018","31","110.43","110.64","0.29","-1.24","0.00","0.20","0.3016","0.0000","0.2348"
"WEP","20 Oct 2018","32","109.47","109.69","0.32","-1.27","0.00","0.20","0.3016","0.0000","0.2348"
"WEP","20 Oct 2018","33","109.11","109.22","0.38","-1.23","0.00","0.20","0.3016","0.0000","0.2348"
"WEP","20 Oct 2018","34","109.26","109.68","0.40","-1.56","0.00","0.20","0.3016","0.0000","0.2348"
"WEP","20 Oct 2018","35","106.57","106.80","0.54","-1.51","0.00","0.20","0.3016","0.0000","0.2348"
"WEP","20 Oct 2018","36","109.75","108.85","1.68","-1.52","0.00","0.20","0.3016","0.0000","0.2348"
"WEP","20 Oct 2018","37","114.40","113.38","1.61","-1.32","0.00","0.20","0.3016","0.0000","0.2348"
"WEP","20 Oct 2018","38","121.12","120.25","1.59","-1.45","0.00","0.20","0.3016","0.0000","0.2348"
"WEP","20 Oct 2018","39","124.98","124.05","1.58","-1.38","0.00","0.20","0.3016","0.0000","0.2348"
"WEP","20 Oct 2018","40","124.53","124.08","1.21","-1.50","0.00","0.20","0.3016","0.0000","0.2348"
"WEP","20 Oct 2018","41","130.68","130.12","1.39","-1.57","0.00","0.20","0.3016","0.0000","0.2348"
"WEP","20 Oct 2018","42","132.17","131.85","1.38","-1.80","0.00","0.20","0.3016","0.0000","0.2348"
"WEP","20 Oct 2018","43","139.24","139.61","0.62","-1.73","0.00","0.20","0.3016","0.0000","0.2348"
"WEP","20 Oct 2018","44","119.94","120.37","0.44","-1.61","0.00","0.20","0.3016","0.0000","0.2348"
"WEP","20 Oct 2018","45","114.72","114.71","0.46","-1.19","0.00","0.20","0.3016","0.0000","0.2348"
"WEP","20 Oct 2018","46","110.37","110.58","0.40","-1.35","0.00","0.20","0.3016","0.0000","0.2348"
"WEP","20 Oct 2018","47","108.68","108.67","0.41","-1.14","0.00","0.20","0.3016","0.0000","0.2348"
"WEP","20 Oct 2018","48","110.29","110.47","0.34","-1.25","0.00","0.20","0.3016","0.0000","0.2348"
"WEP","21 Oct 2018","1","112.56","112.53","0.32","-1.03","0.00","0.20","0.3016","0.0000","0.2413"
"WEP","21 Oct 2018","2","108.26","108.09","0.27","-0.84","0.00","0.20","0.3016","0.0000","0.2413"
"WEP","21 Oct 2018","3","107.16","107.08","0.16","-0.82","0.00","0.20","0.3016","0.0000","0.2413"
"WEP","21 Oct 2018","4","104.94","104.90","0.16","-0.86","0.00","0.20","0.3016","0.0000","0.2413"
"WEP","21 Oct 2018","5","104.52","104.02","0.27","-0.52","0.00","0.20","0.3016","0.0000","0.2413"
"WEP","21 Oct 2018","6","103.04","102.82","0.17","-0.69","0.00","0.20","0.3016","0.0000","0.2413"
"WEP","21 Oct 2018","7","102.47","102.22","0.17","-0.67","0.00","0.20","0.3016","0.0000","0.2413"
"WEP","21 Oct 2018","8","102.16","101.78","0.17","-0.53","0.00","0.20","0.3016","0.0000","0.2413"
"WEP","21 Oct 2018","9","101.08","100.82","0.17","-0.65","0.00","0.20","0.3016","0.0000","0.2413"
"WEP","21 Oct 2018","10","100.94","100.82","0.16","-0.78","0.00","0.20","0.3016","0.0000","0.2413"
"WEP","21 Oct 2018","11","101.11","100.83","0.17","-0.63","0.00","0.20","0.3016","0.0000","0.2413"
"WEP","21 Oct 2018","12","102.42","101.71","0.36","-0.39","0.00","0.20","0.3016","0.0000","0.2413"
"WEP","21 Oct 2018","13","102.87","102.42","0.47","-0.76","0.00","0.20","0.3016","0.0000","0.2413"
"WEP","21 Oct 2018","14","102.50","102.35","0.48","-1.07","0.00","0.20","0.3016","0.0000","0.2413"
"WEP","21 Oct 2018","15","102.86","102.62","0.55","-1.05","0.00","0.20","0.3016","0.0000","0.2413"
"WEP","21 Oct 2018","16","102.68","102.67","0.55","-1.28","0.00","0.20","0.3016","0.0000","0.2413"
"WEP","21 Oct 2018","17","105.26","105.04","0.55","-1.08","0.00","0.20","0.3016","0.0000","0.2413"
"WEP","21 Oct 2018","18","105.80","105.45","0.54","-0.93","0.00","0.20","0.3016","0.0000","0.2413"
"WEP","21 Oct 2018","19","107.80","107.45","0.49","-0.89","0.00","0.20","0.3016","0.0000","0.2413"
"WEP","21 Oct 2018","20","107.86","107.38","0.45","-0.71","0.00","0.20","0.3016","0.0000","0.2413"
"WEP","21 Oct 2018","21","111.08","111.07","0.43","-1.17","0.00","0.20","0.3016","0.0000","0.2413"
"WEP","21 Oct 2018","22","107.07","106.94","0.40","-1.02","0.00","0.20","0.3016","0.0000","0.2413"
"WEP","21 Oct 2018","23","106.88","106.96","0.40","-1.23","0.00","0.20","0.3016","0.0000","0.2413"
"WEP","21 Oct 2018","24","106.59","106.94","0.33","-1.42","0.00","0.20","0.3016","0.0000","0.2413"
"WEP","21 Oct 2018","25","106.15","106.43","0.33","-1.35","0.00","0.20","0.3016","0.0000","0.2413"
"WEP","21 Oct 2018","26","106.63","106.52","0.33","-0.96","0.00","0.20","0.3016","0.0000","0.2413"
"WEP","21 Oct 2018","27","106.50","106.52","0.30","-1.06","0.00","0.20","0.3016","0.0000","0.2413"
"WEP","21 Oct 2018","28","108.54","108.86","0.33","-1.39","0.00","0.20","0.3016","0.0000","0.2413"
"WEP","21 Oct 2018","29","106.36","106.63","0.30","-1.32","0.00","0.20","0.3016","0.0000","0.2413"
"WEP","21 Oct 2018","30","104.92","104.94","0.33","-1.09","0.00","0.20","0.3016","0.0000","0.2413"
"WEP","21 Oct 2018","31","105.39","105.27","0.33","-0.95","0.00","0.20","0.3016","0.0000","0.2413"
"WEP","21 Oct 2018","32","105.25","105.29","0.33","-1.11","0.00","0.20","0.3016","0.0000","0.2413"
"WEP","21 Oct 2018","33","105.05","104.97","0.40","-1.06","0.00","0.20","0.3016","0.0000","0.2413"
"WEP","21 Oct 2018","34","105.30","104.94","0.55","-0.93","0.00","0.20","0.3016","0.0000","0.2413"
"WEP","21 Oct 2018","35","105.29","104.94","0.66","-1.06","0.00","0.20","0.3016","0.0000","0.2413"
"WEP","21 Oct 2018","36","105.06","104.86","0.62","-1.16","0.00","0.20","0.3016","0.0000","0.2413"
"WEP","21 Oct 2018","37","106.87","106.49","0.47","-0.83","0.00","0.20","0.3016","0.0000","0.2413"
"WEP","21 Oct 2018","38","111.57","111.59","0.46","-1.22","0.00","0.20","0.3016","0.0000","0.2413"
"WEP","21 Oct 2018","39","119.69","119.79","0.45","-1.29","0.00","0.20","0.3016","0.0000","0.2413"
"WEP","21 Oct 2018","40","121.23","121.30","0.42","-1.23","0.00","0.20","0.3016","0.0000","0.2413"
"WEP","21 Oct 2018","41","125.46","125.33","0.42","-1.03","0.00","0.20","0.3016","0.0000","0.2413"
"WEP","21 Oct 2018","42","129.53","129.45","0.41","-1.08","0.00","0.20","0.3016","0.0000","0.2413"
"WEP","21 Oct 2018","43","134.87","135.15","0.53","-1.55","0.00","0.20","0.3016","0.0000","0.2413"
"WEP","21 Oct 2018","44","120.99","121.27","0.40","-1.42","0.00","0.20","0.3016","0.0000","0.2413"
"WEP","21 Oct 2018","45","114.10","113.92","0.43","-1.00","0.00","0.20","0.3016","0.0000","0.2413"
"WEP","21 Oct 2018","46","107.99","107.52","0.41","-0.68","0.00","0.20","0.3016","0.0000","0.2413"
"WEP","21 Oct 2018","47","116.14","115.68","0.42","-0.70","0.00","0.20","0.3016","0.0000","0.2413"
"WEP","21 Oct 2018","48","113.64","113.32","0.35","-0.77","0.00","0.20","0.3016","0.0000","0.2413"
